refund_id,source_channel,source_order_id,refund_date,sku,quantity_refunded,refund_amount,currency,refund_reason
REF-000001,walmart,WM000002525,2025-12-26,,,141.39,USD,Wrong Item
REF-000002,channeladvisor,CA-00003790,2025-11-20,,,482.32,USD,Damaged
REF-000003,amazon,AM-0000000758,2025-11-16,,,507.02,USD,Damaged
REF-000004,amazon,AM-0000003527,2025-08-23,,,724.19,USD,Customer Return
REF-000005,amazon,AM-0000004532,2025-11-24,,,116.04,USD,Customer Cancellation
REF-000006,amazon,AM-0000002543,2025-09-14,,,300.21,USD,Customer Return
REF-000007,walmart,WM000003540,2026-05-25,,,266.92,USD,Damaged
REF-000008,walmart,WM000001830,2026-06-30,,,21.59,USD,Customer Return
REF-000009,shopify,#0002344,2025-10-28,SKU-0095,1,182.75,USD,Customer Cancellation
REF-000010,amazon,AM-0000003023,2025-09-27,,,1428.93,USD,Wrong Item
REF-000011,amazon,AM-0000002596,2025-09-28,,,251.56,USD,Customer Return
REF-000012,shopify,#0002477,2026-03-25,SKU-0087,1,301.19,USD,Wrong Item
REF-000013,walmart,WM000002086,2026-02-10,,,163.00,USD,Wrong Item
REF-000014,walmart,WM000002891,2026-04-07,,,188.89,USD,Wrong Item
REF-000015,shopify,#0004021,2026-02-28,SKU-0078,1,1225.06,USD,Customer Cancellation
REF-000016,amazon,AM-0000000545,2025-09-15,,,346.17,USD,Wrong Item
REF-000017,channeladvisor,CA-00000408,2025-12-18,,,70.12,USD,Customer Return
REF-000018,amazon,AM-0000004654,2026-06-30,,,101.88,USD,Wrong Item
REF-000019,shopify,#0002397,2025-08-31,SKU-0019,1,134.54,USD,Customer Return
REF-000020,shopify,#0003867,2025-08-25,SKU-0057,1,178.30,USD,Customer Cancellation
REF-000021,shopify,#0001588,2025-07-15,SKU-0080,1,209.43,USD,Customer Cancellation
REF-000022,walmart,WM000003833,2026-06-11,,,327.21,USD,Customer Cancellation
REF-000023,channeladvisor,CA-00000945,2026-05-27,,,316.11,USD,Customer Return
REF-000024,channeladvisor,CA-00000824,2026-06-30,,,415.87,USD,Wrong Item
REF-000025,amazon,AM-0000000294,2026-05-05,,,113.54,USD,Customer Return
REF-000026,amazon,AM-0000004304,2026-03-25,,,461.26,USD,Wrong Item
REF-000027,amazon,AM-0000004018,2026-03-02,,,18.01,USD,Damaged
REF-000028,shopify,#0001787,2026-05-31,SKU-0026,1,833.73,USD,Customer Cancellation
REF-000029,shopify,#0002312,2026-06-05,SKU-0069,1,513.65,USD,Customer Return
REF-000030,amazon,AM-0000002443,2026-02-21,,,32.42,USD,Wrong Item
REF-000031,shopify,#0000352,2025-09-18,SKU-0050,1,646.60,USD,Wrong Item
REF-000032,amazon,AM-0000004708,2026-03-01,,,36.33,USD,Wrong Item
REF-000033,channeladvisor,CA-00003276,2025-12-07,,,420.22,USD,Wrong Item
REF-000034,walmart,WM000001242,2025-09-06,,,518.38,USD,Damaged
REF-000035,walmart,WM000003780,2025-07-25,,,185.19,USD,Customer Cancellation
REF-000036,amazon,AM-0000001792,2026-01-10,,,328.71,USD,Damaged
REF-000037,walmart,WM000000084,2025-12-20,,,107.17,USD,Wrong Item
REF-000038,shopify,#0003878,2026-03-28,SKU-0023,1,67.47,USD,Damaged
REF-000039,amazon,AM-0000002157,2025-12-21,,,86.47,USD,Customer Return
REF-000040,shopify,#0003388,2025-08-22,SKU-0113,1,128.44,USD,Customer Cancellation
REF-000041,amazon,AM-0000002309,2026-05-29,,,434.44,USD,Wrong Item
REF-000042,amazon,AM-0000000066,2025-12-11,,,600.66,USD,Damaged
REF-000043,shopify,#0000641,2026-05-21,SKU-0120,1,167.25,USD,Wrong Item
REF-000044,shopify,#0001283,2025-12-11,SKU-0003,1,17.30,USD,Customer Cancellation
REF-000045,amazon,AM-0000000187,2026-01-26,,,349.54,USD,Wrong Item
REF-000046,shopify,#0000897,2025-12-10,SKU-0028,1,72.07,USD,Damaged
REF-000047,shopify,#0000139,2025-08-30,SKU-0085,1,26.03,USD,Customer Cancellation
REF-000048,amazon,AM-0000003865,2026-05-16,,,951.66,USD,Customer Cancellation
REF-000049,channeladvisor,CA-00003189,2025-10-18,,,1776.10,USD,Wrong Item
REF-000050,amazon,AM-0000001032,2025-12-06,,,81.32,USD,Customer Return
REF-000051,channeladvisor,CA-00004240,2026-01-22,,,164.97,USD,Customer Cancellation
REF-000052,amazon,AM-0000004917,2026-04-10,,,466.33,USD,Customer Cancellation
REF-000053,walmart,WM000003292,2026-03-20,,,106.61,USD,Damaged
REF-000054,amazon,AM-0000001425,2025-07-17,,,308.43,USD,Customer Return
REF-000055,channeladvisor,CA-00000770,2025-10-11,,,658.92,USD,Damaged
REF-000056,shopify,#0003058,2025-09-09,SKU-0034,1,401.63,USD,Customer Return
REF-000057,walmart,WM000001674,2026-03-03,,,87.93,USD,Wrong Item
REF-000058,shopify,#0004601,2026-05-13,SKU-0118,1,127.02,USD,Customer Cancellation
REF-000059,amazon,AM-0000002609,2026-05-23,,,279.06,USD,Customer Cancellation
REF-000060,channeladvisor,CA-00000498,2025-12-12,,,1227.80,USD,Customer Return
REF-000061,amazon,AM-0000000741,2025-09-25,,,184.41,USD,Wrong Item
REF-000062,amazon,AM-0000004143,2025-10-09,,,216.45,USD,Wrong Item
REF-000063,shopify,#0003235,2026-01-16,SKU-0102,1,363.56,USD,Customer Return
REF-000064,channeladvisor,CA-00002782,2026-02-14,,,223.25,USD,Customer Return
REF-000065,walmart,WM000000803,2025-11-20,,,94.41,USD,Customer Return
REF-000066,shopify,#0000776,2025-11-25,SKU-0084,1,193.44,USD,Customer Cancellation
REF-000067,amazon,AM-0000001026,2025-11-13,,,841.53,USD,Wrong Item
REF-000068,amazon,AM-0000002656,2026-05-21,,,380.47,USD,Damaged
REF-000069,amazon,AM-0000004532,2025-11-23,,,20.25,USD,Damaged
REF-000070,shopify,#0003150,2026-06-30,SKU-0095,1,51.44,USD,Wrong Item
REF-000071,amazon,AM-0000002239,2026-04-20,,,1077.86,USD,Customer Cancellation
REF-000072,shopify,#0002915,2026-05-18,SKU-0009,1,274.32,USD,Wrong Item
REF-000073,walmart,WM000004580,2026-05-04,,,372.74,USD,Customer Return
REF-000074,shopify,#0002437,2026-01-12,SKU-0022,1,342.12,USD,Wrong Item
REF-000075,walmart,WM000001646,2025-09-11,,,249.37,USD,Damaged
REF-000076,walmart,WM000001007,2026-04-10,,,92.35,USD,Damaged
REF-000077,shopify,#0001875,2025-11-04,SKU-0104,1,400.08,USD,Customer Cancellation
REF-000078,amazon,AM-0000000323,2026-02-13,,,222.89,USD,Customer Return
REF-000079,amazon,AM-0000002962,2025-12-01,,,466.33,USD,Customer Cancellation
REF-000080,amazon,AM-0000001936,2025-10-05,,,508.79,USD,Wrong Item
REF-000081,channeladvisor,CA-00002019,2025-12-18,,,567.39,USD,Customer Cancellation
REF-000082,walmart,WM000002577,2026-02-12,,,253.41,USD,Customer Cancellation
REF-000083,walmart,WM000004377,2026-05-31,,,285.39,USD,Wrong Item
REF-000084,shopify,#0002874,2025-08-08,SKU-0055,1,22.40,USD,Damaged
REF-000085,channeladvisor,CA-00004047,2026-03-17,,,163.72,USD,Damaged
REF-000086,walmart,WM000003972,2026-05-26,,,154.10,USD,Customer Return
REF-000087,shopify,#0002821,2026-02-16,SKU-0068,1,20.93,USD,Customer Return
REF-000088,shopify,#0001434,2026-01-17,SKU-0067,1,91.59,USD,Customer Return
REF-000089,channeladvisor,CA-00000192,2025-11-04,,,493.92,USD,Damaged
REF-000090,amazon,AM-0000002088,2026-06-04,,,68.40,USD,Wrong Item
REF-000091,channeladvisor,CA-00000916,2026-06-24,,,68.24,USD,Customer Return
REF-000092,amazon,AM-0000000337,2025-10-20,,,325.11,USD,Customer Cancellation
REF-000093,shopify,#0000594,2025-12-30,SKU-0048,1,185.99,USD,Wrong Item
REF-000094,shopify,#0002122,2025-08-17,SKU-0049,1,160.82,USD,Customer Return
REF-000095,amazon,AM-0000000185,2025-12-26,,,173.96,USD,Wrong Item
REF-000096,channeladvisor,CA-00001991,2026-04-09,,,244.52,USD,Customer Return
REF-000097,amazon,AM-0000000291,2026-05-24,,,127.05,USD,Customer Return
REF-000098,walmart,WM000003506,2025-11-21,,,459.72,USD,Customer Cancellation
REF-000099,amazon,AM-0000002588,2025-08-25,,,44.09,USD,Customer Cancellation
REF-000100,channeladvisor,CA-00001907,2025-10-18,,,992.32,USD,Wrong Item
REF-000101,amazon,AM-0000001691,2026-01-27,,,79.23,USD,Damaged
REF-000102,shopify,#0000118,2026-02-07,SKU-0001,1,1383.87,USD,Damaged
REF-000103,channeladvisor,CA-00002051,2026-02-15,,,174.72,USD,Damaged
REF-000104,shopify,#0002118,2025-10-23,SKU-0112,1,197.16,USD,Customer Cancellation
REF-000105,walmart,WM000001617,2026-05-11,,,160.75,USD,Wrong Item
REF-000106,walmart,WM000004346,2025-10-10,,,42.48,USD,Customer Return
REF-000107,amazon,AM-0000000735,2026-02-15,,,262.53,USD,Customer Return
REF-000108,amazon,AM-0000000032,2025-10-23,,,321.19,USD,Damaged
REF-000109,amazon,AM-0000002698,2025-09-22,,,181.73,USD,Customer Cancellation
REF-000110,amazon,AM-0000003507,2025-10-19,,,437.97,USD,Wrong Item
REF-000111,shopify,#0004050,2026-05-27,SKU-0017,1,103.62,CAD,Customer Cancellation
REF-000112,amazon,AM-0000004055,2026-06-23,,,65.23,USD,Customer Return
REF-000113,walmart,WM000000211,2026-06-30,,,430.96,USD,Damaged
REF-000114,walmart,WM000004603,2026-06-04,,,509.91,USD,Customer Return
REF-000115,amazon,AM-0000003405,2026-06-20,,,105.52,USD,Wrong Item
REF-000116,channeladvisor,CA-00000813,2025-10-26,,,274.40,USD,Customer Return
REF-000117,channeladvisor,CA-00004349,2025-08-16,,,312.11,USD,Wrong Item
REF-000118,amazon,AM-0000000741,2025-10-28,,,568.07,USD,Customer Return
REF-000119,walmart,WM000001817,2025-11-06,,,269.25,USD,Wrong Item
REF-000120,shopify,#0002931,2025-10-31,SKU-0002,1,130.62,USD,Damaged
REF-000121,amazon,AM-0000001074,2025-09-14,,,335.41,USD,Customer Cancellation
REF-000122,amazon,AM-0000003767,2026-02-15,,,241.09,USD,Customer Cancellation
REF-000123,channeladvisor,CA-00000418,2026-04-30,,,28.35,USD,Damaged
REF-000124,channeladvisor,CA-00004929,2026-06-15,,,453.56,USD,Wrong Item
REF-000125,shopify,#0002455,2025-09-12,SKU-0105,1,108.43,USD,Customer Cancellation
REF-000126,shopify,#0003546,2026-06-25,SKU-0022,1,206.36,USD,Damaged
REF-000127,shopify,#0001765,2026-05-26,SKU-0009,1,297.36,USD,Customer Return
REF-000128,amazon,AM-0000001137,2026-04-01,,,469.84,USD,Wrong Item
REF-000129,channeladvisor,CA-00000784,2025-12-09,,,9.95,USD,Damaged
REF-000130,channeladvisor,CA-00003517,2025-10-10,,,94.30,USD,Damaged
REF-000131,shopify,#0002417,2026-01-30,SKU-0033,1,52.59,USD,Wrong Item
REF-000132,shopify,#0000659,2025-11-17,SKU-0116,1,121.69,USD,Damaged
REF-000133,shopify,#0002497,2026-05-24,SKU-0118,1,335.73,USD,Customer Return
REF-000134,shopify,#0004770,2026-05-05,SKU-0102,1,370.20,USD,Customer Return
REF-000135,amazon,AM-0000002449,2026-02-15,,,491.24,USD,Damaged
REF-000136,channeladvisor,CA-00000155,2026-02-17,,,1353.29,USD,Customer Return
REF-000137,shopify,#0002748,2025-11-11,SKU-0044,1,214.55,USD,Damaged
REF-000138,shopify,#0001489,2025-09-19,SKU-0060,1,873.27,USD,Customer Return
REF-000139,shopify,#0001443,2025-08-13,SKU-0093,1,617.65,USD,Customer Cancellation
REF-000140,walmart,WM000002080,2026-02-12,,,1283.13,USD,Wrong Item
REF-000141,amazon,AM-0000004333,2026-05-04,,,552.41,USD,Wrong Item
REF-000142,shopify,#0003755,2026-01-23,SKU-0113,1,49.17,USD,Customer Return
REF-000143,amazon,AM-0000001197,2025-10-11,,,42.62,USD,Wrong Item
REF-000144,channeladvisor,CA-00001791,2026-06-30,,,163.80,USD,Customer Cancellation
REF-000145,amazon,AM-0000001090,2026-06-05,,,233.60,USD,Customer Cancellation
REF-000146,amazon,AM-0000001648,2025-12-11,,,208.23,USD,Customer Cancellation
REF-000147,shopify,#0000636,2026-01-02,SKU-0069,1,194.35,USD,Customer Return
REF-000148,shopify,#0001788,2025-07-26,SKU-0080,1,75.97,USD,Damaged
REF-000149,shopify,#0003642,2026-04-14,SKU-0035,1,647.76,USD,Wrong Item
REF-000150,walmart,WM000000064,2026-02-02,,,217.37,USD,Customer Cancellation
REF-000151,walmart,WM000004959,2025-10-24,,,99.68,USD,Customer Return
REF-000152,amazon,AM-0000003965,2026-06-21,,,239.00,USD,Wrong Item
REF-000153,amazon,AM-0000000884,2026-03-22,,,273.05,USD,Damaged
REF-000154,walmart,WM000002631,2026-06-13,,,201.69,USD,Customer Return
REF-000155,amazon,AM-0000003126,2026-04-19,,,694.84,USD,Wrong Item
REF-000156,shopify,#0003472,2025-08-13,SKU-0067,1,11.59,USD,Customer Cancellation
REF-000157,walmart,WM000003216,2026-05-16,,,168.19,USD,Damaged
REF-000158,amazon,AM-0000000554,2026-05-27,,,51.48,USD,Wrong Item
REF-000159,walmart,WM000001773,2025-09-14,,,203.01,USD,Wrong Item
REF-000160,amazon,AM-0000003280,2025-09-15,,,133.98,USD,Wrong Item
REF-000161,shopify,#0003076,2025-11-21,SKU-0096,1,267.22,USD,Damaged
REF-000162,channeladvisor,CA-00001331,2026-05-30,,,301.57,USD,Customer Cancellation
REF-000163,channeladvisor,CA-00000968,2025-08-15,,,1025.06,USD,Customer Return
REF-000164,shopify,#0000425,2025-09-20,SKU-0045,1,97.88,USD,Damaged
REF-000165,amazon,AM-0000004199,2025-10-09,,,106.65,USD,Customer Return
REF-000166,shopify,#0002261,2025-12-31,SKU-0087,1,275.65,USD,Wrong Item
REF-000167,channeladvisor,CA-00003541,2026-05-30,,,795.52,USD,Damaged
REF-000168,amazon,AM-0000000965,2026-03-02,,,308.03,USD,Customer Cancellation
REF-000169,amazon,AM-0000004043,2026-04-07,,,260.94,USD,Customer Return
REF-000170,amazon,AM-0000003075,2025-11-19,,,360.50,USD,Wrong Item
REF-000171,amazon,AM-0000004531,2026-04-05,,,149.94,USD,Customer Cancellation
REF-000172,shopify,#0000993,2026-05-15,SKU-0022,1,446.02,USD,Customer Cancellation
REF-000173,channeladvisor,CA-00000039,2025-10-27,,,262.70,USD,Damaged
REF-000174,shopify,#0003404,2025-11-23,SKU-0107,1,764.03,USD,Wrong Item
REF-000175,shopify,#0001643,2026-02-14,SKU-0094,1,108.62,USD,Damaged
REF-000176,walmart,WM000004252,2026-05-21,,,407.38,USD,Customer Cancellation
REF-000177,channeladvisor,CA-00002814,2025-11-29,,,279.02,USD,Wrong Item
REF-000178,walmart,WM000001695,2026-06-26,,,224.06,USD,Customer Return
REF-000179,shopify,#0003560,2025-08-28,SKU-0066,1,49.98,USD,Damaged
REF-000180,walmart,WM000000787,2026-03-14,,,111.59,USD,Customer Return
REF-000181,walmart,WM000003525,2026-04-29,,,207.63,USD,Wrong Item
REF-000182,shopify,#0003618,2026-03-18,SKU-0109,1,826.39,USD,Customer Return
REF-000183,amazon,AM-0000002271,2025-10-24,,,95.89,USD,Wrong Item
REF-000184,amazon,AM-0000002117,2025-07-16,,,111.36,USD,Customer Return
REF-000185,amazon,AM-0000000564,2026-01-04,,,25.19,USD,Damaged
REF-000186,shopify,#0001357,2025-10-26,SKU-0083,1,207.63,USD,Customer Return
REF-000187,walmart,WM000002911,2025-11-27,,,385.23,USD,Wrong Item
REF-000188,amazon,AM-0000000465,2025-08-16,,,188.73,USD,Customer Return
REF-000189,walmart,WM000001351,2026-06-30,,,261.64,USD,Customer Cancellation
REF-000190,channeladvisor,CA-00003587,2026-06-30,,,146.07,USD,Customer Cancellation
REF-000191,shopify,#0001489,2025-10-14,SKU-0060,1,509.64,USD,Damaged
REF-000192,walmart,WM000003038,2025-09-14,,,231.05,USD,Customer Cancellation
REF-000193,channeladvisor,CA-00004901,2025-09-25,,,48.05,USD,Wrong Item
REF-000194,amazon,AM-0000004839,2025-10-19,,,435.81,USD,Customer Cancellation
REF-000195,walmart,WM000002994,2025-10-27,,,234.75,USD,Wrong Item
REF-000196,amazon,AM-0000000898,2025-12-26,,,992.21,USD,Wrong Item
REF-000197,shopify,#0004685,2026-06-10,SKU-0039,1,49.68,USD,Damaged
REF-000198,amazon,AM-0000004737,2026-03-25,,,216.05,USD,Customer Cancellation
REF-000199,channeladvisor,CA-00003721,2025-09-22,,,1632.22,USD,Damaged
REF-000200,walmart,WM000002603,2025-08-01,,,152.16,USD,Wrong Item
REF-000201,shopify,#0003082,2025-08-29,SKU-0055,1,890.41,USD,Customer Return
REF-000202,shopify,#0002993,2026-06-30,SKU-0108,1,106.72,USD,Customer Cancellation
REF-000203,amazon,AM-0000000533,2026-04-14,,,33.76,USD,Wrong Item
REF-000204,walmart,WM000001992,2026-05-26,,,35.20,USD,Customer Return
REF-000205,shopify,#0002812,2025-07-27,SKU-0112,1,157.41,USD,Customer Return
REF-000206,amazon,AM-0000004513,2026-06-10,,,179.79,USD,Damaged
REF-000207,amazon,AM-0000000743,2025-10-30,,,432.00,USD,Damaged
REF-000208,shopify,#0000133,2025-12-19,SKU-0010,1,1243.45,USD,Wrong Item
REF-000209,channeladvisor,CA-00004015,2026-06-30,,,148.82,USD,Wrong Item
REF-000210,walmart,WM000004536,2026-01-02,,,119.93,USD,Customer Return
REF-000211,channeladvisor,CA-00001612,2026-03-06,,,143.58,USD,Wrong Item
REF-000212,amazon,AM-0000002866,2025-09-20,,,349.78,USD,Wrong Item
REF-000213,walmart,WM000003038,2025-10-01,,,112.26,USD,Damaged
REF-000214,amazon,AM-0000000509,2026-06-30,,,723.80,USD,Customer Cancellation
REF-000215,shopify,#0003617,2025-10-28,SKU-0026,1,526.48,USD,Customer Return
REF-000216,shopify,#0004739,2026-01-17,SKU-0092,1,17.40,USD,Damaged
REF-000217,shopify,#0003363,2026-06-06,SKU-0022,1,389.08,USD,Wrong Item
REF-000218,walmart,WM000004242,2025-07-28,,,62.24,USD,Damaged
REF-000219,walmart,WM000003085,2025-08-13,,,166.64,USD,Customer Return
REF-000220,amazon,AM-0000001342,2025-08-02,,,93.94,USD,Damaged
REF-000221,walmart,WM000001950,2026-05-24,,,98.18,USD,Customer Cancellation
REF-000222,channeladvisor,CA-00001467,2025-08-24,,,243.63,USD,Damaged
REF-000223,walmart,WM000003815,2026-06-14,,,554.76,USD,Customer Cancellation
REF-000224,shopify,#0002850,2026-06-30,SKU-0021,1,168.60,USD,Damaged
REF-000225,amazon,AM-0000004073,2026-02-08,,,16.54,USD,Customer Return
REF-000226,amazon,AM-0000003884,2026-04-02,,,2.69,USD,Customer Cancellation
REF-000227,channeladvisor,CA-00003712,2026-06-15,,,32.02,USD,Customer Cancellation
REF-000228,amazon,AM-0000000621,2026-04-14,,,98.43,USD,Customer Return
REF-000229,walmart,WM000003823,2025-11-09,,,61.83,USD,Wrong Item
REF-000230,walmart,WM000004931,2026-03-13,,,253.13,USD,Customer Cancellation
REF-000231,shopify,#0000431,2026-03-29,SKU-0018,1,163.31,USD,Customer Return
REF-000232,amazon,AM-0000001444,2026-06-16,,,242.31,USD,Damaged
REF-000233,walmart,WM000000196,2025-09-22,,,1034.71,USD,Wrong Item
REF-000234,walmart,WM000002891,2026-04-11,,,455.20,USD,Customer Cancellation
REF-000235,amazon,AM-0000002052,2025-11-05,,,220.11,USD,Damaged
REF-000236,walmart,WM000003935,2026-01-11,,,24.75,USD,Customer Return
REF-000237,amazon,AM-0000001032,2025-11-24,,,197.18,USD,Wrong Item
REF-000238,amazon,AM-0000003166,2026-03-28,,,82.48,USD,Damaged
REF-000239,walmart,WM000004514,2026-05-06,,,865.06,USD,Customer Cancellation
REF-000240,channeladvisor,CA-00000208,2026-05-20,,,92.19,USD,Damaged
REF-000241,shopify,#0001188,2026-04-17,SKU-0069,1,314.58,USD,Wrong Item
REF-000242,amazon,AM-0000004532,2025-12-18,,,93.06,USD,Wrong Item
REF-000243,walmart,WM000000651,2026-05-21,,,431.15,USD,Damaged
REF-000244,shopify,#0002278,2026-05-28,SKU-0103,1,443.30,USD,Customer Return
REF-000245,amazon,AM-0000003654,2026-05-21,,,243.18,USD,Customer Return
REF-000246,amazon,AM-0000004532,2025-12-27,,,15.04,USD,Customer Cancellation
REF-000247,channeladvisor,CA-00003029,2026-06-08,,,245.79,USD,Damaged
REF-000248,channeladvisor,CA-00002020,2025-08-22,,,55.63,USD,Damaged
REF-000249,shopify,#0002823,2025-12-11,SKU-0069,1,807.46,USD,Customer Cancellation
REF-000250,amazon,AM-0000004248,2026-03-30,,,65.53,USD,Customer Cancellation
REF-000251,amazon,AM-0000003693,2026-05-23,,,113.02,USD,Damaged
REF-000252,walmart,WM000001784,2025-09-26,,,248.37,USD,Customer Cancellation
REF-000253,shopify,#0003514,2026-06-06,SKU-0030,1,412.04,USD,Wrong Item
REF-000254,shopify,#0001579,2025-12-22,SKU-0072,1,578.00,USD,Customer Return
REF-000255,amazon,AM-0000004100,2025-12-12,,,510.82,USD,Wrong Item
REF-000256,amazon,AM-0000002406,2025-09-30,,,222.03,USD,Customer Return
REF-000257,shopify,#0004659,2026-01-12,SKU-0094,1,413.41,USD,Customer Cancellation
REF-000258,amazon,AM-0000001553,2025-09-12,,,635.06,USD,Customer Return
REF-000259,amazon,AM-0000000852,2025-12-22,,,462.00,USD,Customer Cancellation
REF-000260,amazon,AM-0000004370,2025-08-04,,,939.70,USD,Damaged
REF-000261,walmart,WM000003096,2026-05-17,,,732.72,USD,Customer Return
REF-000262,shopify,#0000696,2025-12-08,SKU-0109,1,908.89,USD,Customer Return
REF-000263,walmart,WM000001321,2025-12-21,,,17.87,USD,Customer Cancellation
REF-000264,walmart,WM000000625,2026-05-27,,,57.24,USD,Damaged
REF-000265,amazon,AM-0000003307,2026-05-07,,,160.60,USD,Damaged
REF-000266,channeladvisor,CA-00001719,2025-11-23,,,353.94,USD,Damaged
REF-000267,shopify,#0003854,2026-03-20,SKU-0081,1,119.87,USD,Wrong Item
REF-000268,amazon,AM-0000003188,2025-07-05,,,83.88,USD,Damaged
REF-000269,shopify,#0004836,2026-06-30,SKU-0107,1,106.48,USD,Wrong Item
REF-000270,shopify,#0004173,2026-03-08,SKU-0061,1,236.90,USD,Customer Return
REF-000271,shopify,#0004876,2025-12-17,SKU-0112,1,208.46,USD,Damaged
REF-000272,amazon,AM-0000001812,2025-12-05,,,208.03,USD,Wrong Item
REF-000273,amazon,AM-0000004470,2026-01-04,,,914.37,USD,Wrong Item
REF-000274,channeladvisor,CA-00001867,2025-12-28,,,92.59,USD,Customer Cancellation
REF-000275,shopify,#0004219,2025-10-16,SKU-0100,1,482.94,USD,Customer Cancellation
REF-000276,walmart,WM000003602,2026-01-31,,,82.39,USD,Damaged
REF-000277,walmart,WM000004776,2025-11-10,,,2205.90,USD,Wrong Item
REF-000278,amazon,AM-0000002815,2025-12-21,,,190.13,USD,Damaged
REF-000279,walmart,WM000003445,2026-06-15,,,844.43,USD,Customer Cancellation
REF-000280,shopify,#0001185,2025-08-22,SKU-0077,1,295.27,USD,Wrong Item
REF-000281,shopify,#0002298,2025-09-27,SKU-0004,1,1159.11,USD,Customer Return
REF-000282,channeladvisor,CA-00003345,2026-06-30,,,373.25,USD,Damaged
REF-000283,shopify,#0000431,2026-04-28,SKU-0018,1,40.95,USD,Customer Cancellation
REF-000284,channeladvisor,CA-00001092,2025-10-21,,,141.02,USD,Customer Return
REF-000285,amazon,AM-0000000515,2025-09-30,,,879.31,USD,Damaged
REF-000286,walmart,WM000000973,2026-03-17,,,543.11,USD,Customer Cancellation
REF-000287,shopify,#0002120,2026-06-23,SKU-0106,1,30.88,USD,Customer Return
REF-000288,walmart,WM000004001,2026-03-19,,,247.74,USD,Wrong Item
REF-000289,amazon,AM-0000000429,2026-03-03,,,363.36,USD,Damaged
REF-000290,walmart,WM000004320,2026-04-27,,,139.83,USD,Damaged
REF-000291,shopify,#0000241,2025-10-07,SKU-0068,1,157.32,USD,Damaged
REF-000292,amazon,AM-0000003093,2025-10-02,,,69.55,USD,Wrong Item
REF-000293,shopify,#0004744,2025-11-18,SKU-0048,1,286.55,USD,Customer Cancellation
REF-000294,walmart,WM000001728,2025-08-05,,,477.21,USD,Damaged
REF-000295,amazon,AM-0000000214,2026-01-03,,,158.25,USD,Damaged
REF-000296,shopify,#0001116,2025-10-10,SKU-0106,1,24.12,USD,Customer Cancellation
REF-000297,amazon,AM-0000001683,2025-12-19,,,173.91,USD,Wrong Item
REF-000298,walmart,WM000001374,2025-08-05,,,41.30,USD,Damaged
REF-000299,amazon,AM-0000004818,2026-03-25,,,746.68,USD,Damaged
REF-000300,amazon,AM-0000001601,2026-03-21,,,757.90,USD,Damaged
