campaign_id,campaign_name,advertising_channel,marketplace,start_date,end_date
CAMP-0001,Amazon Campaign 01,Google Ads,Amazon,2026-05-10,
CAMP-0002,Walmart Campaign 02,Google Ads,Walmart,2025-12-01,
CAMP-0003,Amazon Campaign 03,Google Ads,Amazon,2025-10-31,
CAMP-0004,Shopify Campaign 04,Google Ads,Shopify,2025-09-12,
CAMP-0005,Amazon Campaign 05,Google Ads,Amazon,2025-08-25,
CAMP-0006,Walmart Campaign 06,Walmart Connect,Walmart,2025-07-10,
CAMP-0007,Shopify Campaign 07,Google Ads,Shopify,2025-09-16,
CAMP-0008,Amazon Campaign 08,Google Ads,Amazon,2025-09-24,
CAMP-0009,Shopify Campaign 09,Google Ads,Shopify,2025-07-19,
CAMP-0010,Shopify Campaign 10,Google Ads,Shopify,2026-05-04,
CAMP-0011,Walmart Campaign 11,Google Ads,Walmart,2025-12-01,
CAMP-0012,Shopify Campaign 12,Google Ads,Shopify,2026-05-04,
CAMP-0013,Walmart Campaign 13,Google Ads,Walmart,2026-04-12,
CAMP-0014,Shopify Campaign 14,Google Ads,Shopify,2025-10-14,
CAMP-0015,Walmart Campaign 15,Google Ads,Walmart,2026-01-19,
CAMP-0016,Shopify Campaign 16,Google Ads,Shopify,2026-04-27,
CAMP-0017,Amazon Campaign 17,Google Ads,Amazon,2026-06-19,
CAMP-0018,Walmart Campaign 18,Google Ads,Walmart,2026-03-17,
CAMP-0019,Amazon Campaign 19,Google Ads,Amazon,2025-10-13,
CAMP-0020,Walmart Campaign 20,Google Ads,Walmart,2025-10-29,
