campaign_id,week_start_date,impressions,clicks,spend,conversions,attributed_revenue
CAMP-0006,2025-07-01,65560,3969,2327.85,45,7471.38
CAMP-0006,2025-07-08,22332,984,601.77,13,1397.60
CAMP-0006,2025-07-15,63463,3490,326.28,61,4383.01
CAMP-0006,2025-07-22,30547,1575,1264.26,8,782.96
CAMP-0006,2025-07-29,25004,707,485.52,53,8945.93
CAMP-0006,2025-08-05,36327,1261,1741.97,47,2617.49
CAMP-0006,2025-08-12,22505,986,2187.85,14,638.87
CAMP-0006,2025-08-19,46962,2791,576.76,207,33616.77
CAMP-0006,2025-08-26,8346,241,635.91,15,1438.20
CAMP-0006,2025-09-02,8298,330,779.22,11,1011.28
CAMP-0006,2025-09-09,71419,3209,699.80,177,22275.65
CAMP-0006,2025-09-16,35469,1530,1885.43,26,2869.32
CAMP-0006,2025-09-23,64472,4307,1882.32,59,7082.24
CAMP-0006,2025-09-30,47168,659,2378.95,39,5568.15
CAMP-0006,2025-10-07,45514,503,1759.93,28,2315.01
CAMP-0006,2025-10-14,5908,170,2196.02,14,856.06
CAMP-0006,2025-10-21,57107,654,2064.04,33,1320.68
CAMP-0006,2025-10-28,8893,387,518.63,32,2187.33
CAMP-0006,2025-11-04,18306,1036,492.44,38,6827.37
CAMP-0006,2025-11-11,48161,1645,1142.31,5,248.30
CAMP-0006,2025-11-18,24657,1670,2053.55,96,8211.26
CAMP-0006,2025-11-25,23324,717,1284.85,34,2657.43
CAMP-0006,2025-12-02,52532,2615,922.31,79,8932.45
CAMP-0006,2025-12-09,62473,314,2312.28,13,2228.16
CAMP-0006,2025-12-16,44217,2945,888.88,190,24552.59
CAMP-0006,2025-12-23,24484,577,1047.61,12,506.11
CAMP-0006,2025-12-30,60517,472,1283.46,28,3030.21
CAMP-0006,2026-01-06,24608,852,2116.54,6,816.57
CAMP-0006,2026-01-13,67854,2017,135.03,59,7362.35
CAMP-0006,2026-01-20,42115,1074,1540.86,42,2916.21
CAMP-0006,2026-01-27,67035,3219,1217.96,146,15224.36
CAMP-0006,2026-02-03,7630,426,1549.82,29,3190.94
CAMP-0006,2026-02-10,17013,477,2175.81,6,659.48
CAMP-0006,2026-02-17,64104,378,656.86,12,1404.12
CAMP-0006,2026-02-24,40211,809,2316.69,28,4681.60
CAMP-0006,2026-03-03,63158,332,1914.10,10,834.90
CAMP-0006,2026-03-10,57868,2384,2332.72,40,2828.80
CAMP-0006,2026-03-17,60377,3561,351.00,314,54566.35
CAMP-0006,2026-03-24,26786,1302,1496.80,32,4454.60
CAMP-0006,2026-03-31,69561,3614,781.09,88,6260.12
CAMP-0006,2026-04-07,52581,1873,483.76,180,13482.13
CAMP-0006,2026-04-14,21381,389,2465.24,2,157.17
CAMP-0006,2026-04-21,18742,351,229.79,31,1383.10
CAMP-0006,2026-04-28,55623,3303,1185.76,127,9186.47
CAMP-0006,2026-05-05,33230,719,2197.54,47,3635.49
CAMP-0006,2026-05-12,27678,1477,608.77,84,7911.42
CAMP-0006,2026-05-19,27582,412,237.41,38,5495.07
CAMP-0006,2026-05-26,63782,4052,1908.95,145,6524.91
CAMP-0006,2026-06-02,79538,432,241.27,4,672.22
CAMP-0006,2026-06-09,42841,2119,2092.51,89,4450.40
CAMP-0006,2026-06-16,22473,547,1630.28,35,3641.90
CAMP-0006,2026-06-23,78050,3384,710.17,47,8363.36
CAMP-0006,2026-06-30,71825,4922,817.38,322,20543.59
