po_id,supplier_id,po_date,destination_location_id,expected_delivery_date,actual_delivery_date,status,currency
PO-00001,SUP-009,2026-04-10,3PL,2026-05-03,,Open,USD
PO-00002,SUP-011,2026-02-06,3PL,2026-03-06,,Open,USD
PO-00003,SUP-005,2026-04-13,GA_DC,2026-06-04,2026-06-04,Received,USD
PO-00004,SUP-010,2025-09-17,GA_DC,2025-10-08,2025-10-13,Received,USD
PO-00005,SUP-008,2026-04-30,GA_DC,2026-06-28,2026-06-26,Received,USD
PO-00006,SUP-009,2026-01-27,3PL,2026-02-19,2026-02-22,Received,USD
PO-00007,SUP-004,2025-11-17,GA_DC,2026-01-02,2026-01-03,Received,USD
PO-00008,SUP-011,2025-11-24,CA_DC,2025-12-22,2025-12-25,Received,USD
PO-00009,SUP-003,2026-01-28,3PL,2026-02-13,2026-02-20,Received,USD
PO-00010,SUP-006,2025-11-12,CA_DC,2025-11-26,2025-11-23,Received,USD
PO-00011,SUP-007,2026-02-19,CA_DC,2026-03-17,2026-03-20,Received,USD
PO-00012,SUP-011,2026-02-26,3PL,2026-03-26,2026-04-01,Received,USD
PO-00013,SUP-009,2026-01-26,3PL,2026-02-18,2026-02-20,Received,USD
PO-00014,SUP-009,2026-04-03,CA_DC,2026-04-26,2026-04-29,Received,USD
PO-00015,SUP-002,2026-03-09,3PL,2026-04-29,2026-05-03,Received,USD
PO-00016,SUP-002,2025-11-17,3PL,2026-01-07,2026-01-11,Received,USD
PO-00017,SUP-012,2026-05-08,CA_DC,2026-06-17,2026-06-21,Received,USD
PO-00018,SUP-007,2025-09-01,CA_DC,2025-09-27,2025-10-04,Received,USD
PO-00019,SUP-011,2025-10-12,3PL,2025-11-09,,Open,USD
PO-00020,SUP-011,2026-03-05,3PL,2026-04-02,,In Transit,USD
PO-00021,SUP-006,2025-12-02,3PL,2025-12-16,,In Transit,USD
PO-00022,SUP-009,2026-03-18,3PL,2026-04-10,,Open,USD
PO-00023,SUP-002,2025-10-10,GA_DC,2025-11-30,,In Transit,USD
PO-00024,SUP-005,2026-03-30,GA_DC,2026-05-21,,Open,USD
PO-00025,SUP-003,2025-11-21,CA_DC,2025-12-07,2025-12-14,Received,USD
PO-00026,SUP-002,2025-08-23,3PL,2025-10-13,2025-10-18,Received,USD
PO-00027,SUP-001,2025-10-28,CA_DC,2025-11-30,2025-12-01,Received,USD
PO-00028,SUP-001,2025-07-24,3PL,2025-08-26,2025-08-29,Received,USD
PO-00029,SUP-008,2025-07-10,3PL,2025-09-07,2025-09-09,Received,USD
PO-00030,SUP-010,2026-04-13,GA_DC,2026-05-04,2026-05-07,Received,USD
