po_id,line_number,sku,quantity_ordered,unit_cost,quantity_received,line_status
PO-00001,1,SKU-0060,111,160.79,0,Open
PO-00001,2,SKU-0056,203,97.71,0,Open
PO-00001,3,SKU-0066,165,44.95,0,Open
PO-00001,4,SKU-0061,34,84.40,0,Open
PO-00001,5,SKU-0040,148,132.55,0,Open
PO-00001,6,SKU-0082,173,170.69,0,Open
PO-00001,7,SKU-0113,210,120.84,0,Open
PO-00001,8,SKU-0103,244,179.69,0,Open
PO-00002,1,SKU-0077,40,112.46,0,Open
PO-00002,2,SKU-0057,128,179.46,0,Open
PO-00002,3,SKU-0014,91,158.02,0,Open
PO-00002,4,SKU-0079,69,19.18,0,Open
PO-00003,1,SKU-0083,186,99.30,186,Received
PO-00003,2,SKU-0093,79,138.30,67,Partial
PO-00004,1,SKU-0046,59,59.16,59,Received
PO-00004,2,SKU-0085,46,65.99,46,Received
PO-00004,3,SKU-0074,227,59.16,227,Received
PO-00004,4,SKU-0013,231,159.49,231,Received
PO-00004,5,SKU-0101,93,106.32,93,Received
PO-00004,6,SKU-0026,58,112.29,58,Received
PO-00004,7,SKU-0037,119,49.53,119,Received
PO-00005,1,SKU-0019,209,22.27,209,Received
PO-00005,2,SKU-0063,103,9.46,103,Received
PO-00005,3,SKU-0004,195,94.27,195,Received
PO-00005,4,SKU-0106,123,65.62,45,Partial
PO-00005,5,SKU-0022,158,84.51,158,Received
PO-00005,6,SKU-0112,250,156.13,250,Received
PO-00005,7,SKU-0002,193,83.18,72,Partial
PO-00005,8,SKU-0024,148,16.86,148,Received
PO-00006,1,SKU-0060,245,160.79,245,Received
PO-00006,2,SKU-0113,85,120.84,85,Received
PO-00006,3,SKU-0082,149,170.69,38,Partial
PO-00006,4,SKU-0066,219,44.95,219,Received
PO-00006,5,SKU-0103,51,179.69,51,Received
PO-00007,1,SKU-0110,155,32.08,155,Received
PO-00007,2,SKU-0080,215,46.81,215,Received
PO-00007,3,SKU-0041,161,139.82,35,Partial
PO-00007,4,SKU-0032,45,91.63,45,Received
PO-00007,5,SKU-0018,21,94.23,21,Received
PO-00008,1,SKU-0087,217,103.51,217,Received
PO-00008,2,SKU-0077,218,112.46,218,Received
PO-00008,3,SKU-0069,86,153.51,86,Received
PO-00008,4,SKU-0079,197,19.18,197,Received
PO-00008,5,SKU-0057,126,179.46,126,Received
PO-00008,6,SKU-0068,231,44.68,231,Received
PO-00008,7,SKU-0119,169,140.62,169,Received
PO-00009,1,SKU-0073,195,67.92,195,Received
PO-00009,2,SKU-0054,166,88.17,166,Received
PO-00009,3,SKU-0071,129,126.71,129,Received
PO-00009,4,SKU-0048,238,103.07,120,Partial
PO-00009,5,SKU-0084,249,177.02,158,Partial
PO-00009,6,SKU-0097,137,85.52,137,Received
PO-00010,1,SKU-0104,82,125.20,82,Received
PO-00010,2,SKU-0092,142,8.49,142,Received
PO-00010,3,SKU-0095,26,30.64,26,Received
PO-00011,1,SKU-0062,24,10.88,24,Received
PO-00011,2,SKU-0031,217,150.86,90,Partial
PO-00011,3,SKU-0010,214,146.77,214,Received
PO-00011,4,SKU-0012,25,33.47,25,Received
PO-00011,5,SKU-0091,140,94.42,140,Received
PO-00011,6,SKU-0043,221,88.94,221,Received
PO-00011,7,SKU-0049,241,92.35,241,Received
PO-00012,1,SKU-0057,245,179.46,245,Received
PO-00012,2,SKU-0014,200,158.02,200,Received
PO-00012,3,SKU-0079,32,19.18,32,Received
PO-00012,4,SKU-0077,155,112.46,155,Received
PO-00012,5,SKU-0064,61,11.08,61,Received
PO-00012,6,SKU-0119,82,140.62,82,Received
PO-00013,1,SKU-0103,114,179.69,114,Received
PO-00013,2,SKU-0066,86,44.95,86,Received
PO-00013,3,SKU-0056,145,97.71,145,Received
PO-00013,4,SKU-0061,122,84.40,122,Received
PO-00013,5,SKU-0060,173,160.79,173,Received
PO-00013,6,SKU-0082,22,170.69,22,Received
PO-00014,1,SKU-0056,97,97.71,97,Received
PO-00014,2,SKU-0113,78,120.84,78,Received
PO-00014,3,SKU-0066,79,44.95,79,Received
PO-00014,4,SKU-0040,83,132.55,83,Received
PO-00014,5,SKU-0103,66,179.69,66,Received
PO-00015,1,SKU-0075,250,12.57,250,Received
PO-00015,2,SKU-0033,62,44.97,62,Received
PO-00015,3,SKU-0007,169,127.93,169,Received
PO-00015,4,SKU-0052,68,135.25,68,Received
PO-00016,1,SKU-0017,82,44.83,8,Partial
PO-00016,2,SKU-0033,21,44.97,21,Received
PO-00016,3,SKU-0090,83,163.84,83,Received
PO-00016,4,SKU-0070,157,178.23,115,Partial
PO-00016,5,SKU-0001,60,161.98,60,Received
PO-00016,6,SKU-0086,206,10.79,82,Partial
PO-00017,1,SKU-0098,223,137.58,223,Received
PO-00017,2,SKU-0006,132,80.74,132,Received
PO-00017,3,SKU-0059,99,77.54,99,Received
PO-00018,1,SKU-0043,42,88.94,42,Received
PO-00018,2,SKU-0010,204,146.77,204,Received
PO-00018,3,SKU-0062,188,10.88,74,Partial
PO-00018,4,SKU-0050,237,167.98,237,Received
PO-00018,5,SKU-0067,90,25.96,90,Received
PO-00018,6,SKU-0078,62,88.28,62,Received
PO-00018,7,SKU-0089,221,12.71,17,Partial
PO-00018,8,SKU-0053,39,156.41,39,Received
PO-00019,1,SKU-0077,137,112.46,0,Open
PO-00019,2,SKU-0069,184,153.51,0,Open
PO-00019,3,SKU-0079,199,19.18,0,Open
PO-00019,4,SKU-0119,229,140.62,0,Open
PO-00020,1,SKU-0068,72,44.68,0,In Transit
PO-00020,2,SKU-0079,50,19.18,0,In Transit
PO-00020,3,SKU-0077,121,112.46,0,In Transit
PO-00020,4,SKU-0119,128,140.62,0,In Transit
PO-00020,5,SKU-0069,238,153.51,0,In Transit
PO-00020,6,SKU-0064,198,11.08,0,In Transit
PO-00020,7,SKU-0014,112,158.02,0,In Transit
PO-00021,1,SKU-0105,213,64.39,0,In Transit
PO-00021,2,SKU-0104,176,125.20,0,In Transit
PO-00021,3,SKU-0102,29,13.24,0,In Transit
PO-00021,4,SKU-0095,101,30.64,0,In Transit
PO-00022,1,SKU-0061,90,84.40,0,Open
PO-00022,2,SKU-0060,177,160.79,0,Open
PO-00022,3,SKU-0113,43,120.84,0,Open
PO-00022,4,SKU-0066,125,44.95,0,Open
PO-00022,5,SKU-0103,81,179.69,0,Open
PO-00022,6,SKU-0082,131,170.69,0,Open
PO-00022,7,SKU-0056,219,97.71,0,Open
PO-00022,8,SKU-0040,246,132.55,0,Open
PO-00023,1,SKU-0007,186,127.93,0,In Transit
PO-00023,2,SKU-0017,216,44.83,0,In Transit
PO-00023,3,SKU-0099,179,73.25,0,In Transit
PO-00023,4,SKU-0070,83,178.23,0,In Transit
PO-00023,5,SKU-0086,119,10.79,0,In Transit
PO-00024,1,SKU-0008,86,27.40,0,Open
PO-00024,2,SKU-0039,143,48.63,0,Open
PO-00024,3,SKU-0025,54,51.15,0,Open
PO-00024,4,SKU-0116,104,177.11,0,Open
PO-00024,5,SKU-0016,159,70.53,0,Open
PO-00024,6,SKU-0094,36,143.39,0,Open
PO-00025,1,SKU-0109,90,165.77,90,Received
PO-00025,2,SKU-0054,117,88.17,53,Partial
PO-00025,3,SKU-0045,86,40.64,86,Received
PO-00025,4,SKU-0073,123,67.92,123,Received
PO-00026,1,SKU-0090,177,163.84,162,Partial
PO-00026,2,SKU-0007,228,127.93,228,Received
PO-00026,3,SKU-0035,95,63.51,95,Received
PO-00026,4,SKU-0075,41,12.57,41,Received
PO-00026,5,SKU-0017,106,44.83,106,Received
PO-00026,6,SKU-0070,144,178.23,144,Received
PO-00026,7,SKU-0052,59,135.25,59,Received
PO-00027,1,SKU-0034,213,144.31,213,Received
PO-00027,2,SKU-0021,235,49.60,235,Received
PO-00028,1,SKU-0072,86,108.48,86,Received
PO-00028,2,SKU-0081,115,21.03,115,Received
PO-00028,3,SKU-0117,48,43.91,48,Received
PO-00028,4,SKU-0011,24,122.24,24,Received
PO-00028,5,SKU-0005,206,45.56,206,Received
PO-00028,6,SKU-0003,229,14.93,229,Received
PO-00028,7,SKU-0020,43,96.33,43,Received
PO-00028,8,SKU-0015,152,118.41,152,Received
PO-00029,1,SKU-0028,110,35.28,15,Partial
PO-00029,2,SKU-0002,56,83.18,56,Received
PO-00029,3,SKU-0022,83,84.51,83,Received
PO-00029,4,SKU-0063,110,9.46,33,Partial
PO-00029,5,SKU-0106,64,65.62,63,Partial
PO-00029,6,SKU-0024,209,16.86,209,Received
PO-00029,7,SKU-0042,27,162.97,27,Received
PO-00029,8,SKU-0100,37,154.65,13,Partial
PO-00030,1,SKU-0037,102,49.53,102,Received
PO-00030,2,SKU-0026,23,112.29,23,Received
PO-00030,3,SKU-0046,230,59.16,230,Received
