source_order_id,line_number,sku,quantity,unit_price,line_discount,line_tax,line_total
CA-00000001,1,SKU-0043,1,135.30,8.81,8.51,135.00
CA-00000001,2,SKU-0007,1,260.96,26.52,14.04,248.48
CA-00000001,3,SKU-0011,3,267.25,96.19,60.04,765.60
CA-00000005,1,SKU-0084,3,372.08,34.63,59.32,1140.93
CA-00000005,2,SKU-0021,2,126.84,13.33,13.05,253.40
CA-00000005,3,SKU-0014,1,370.95,21.43,31.31,380.83
CA-00000014,1,SKU-0014,2,377.08,85.87,44.47,712.76
CA-00000014,2,SKU-0044,1,266.06,23.45,17.42,260.03
CA-00000021,1,SKU-0077,1,289.10,4.14,12.05,297.01
CA-00000026,1,SKU-0003,1,35.84,0.50,2.84,38.18
CA-00000039,1,SKU-0083,2,184.64,38.37,19.22,350.13
CA-00000058,1,SKU-0090,2,242.86,11.36,24.41,498.77
CA-00000058,2,SKU-0104,1,216.19,7.44,10.72,219.47
CA-00000071,1,SKU-0013,1,303.99,24.33,18.99,298.65
CA-00000071,2,SKU-0114,1,220.03,7.31,16.36,229.08
CA-00000071,3,SKU-0035,3,142.38,47.78,30.25,409.61
CA-00000074,1,SKU-0110,2,72.25,9.19,6.11,141.42
CA-00000087,1,SKU-0089,1,26.08,0.98,1.33,26.43
CA-00000087,2,SKU-0045,2,89.63,20.53,13.37,172.10
CA-00000087,3,SKU-0108,4,134.12,12.70,37.61,561.39
CA-00000094,1,SKU-0114,2,206.20,38.01,23.35,397.74
CA-00000094,2,SKU-0038,1,266.32,6.45,15.58,275.45
CA-00000094,3,SKU-0046,1,149.46,17.41,10.20,142.25
CA-00000097,1,SKU-0100,2,267.20,21.01,26.14,539.53
CA-00000107,1,SKU-0095,1,74.80,6.56,4.75,72.99
CA-00000107,2,SKU-0017,2,65.87,1.36,9.74,140.12
CA-00000108,1,SKU-0065,2,132.17,21.74,10.23,252.83
CA-00000111,1,SKU-0090,2,288.21,43.54,33.41,566.29
CA-00000111,2,SKU-0110,1,66.01,5.00,3.75,64.76
CA-00000115,1,SKU-0031,1,349.87,34.51,22.27,337.63
CA-00000115,2,SKU-0101,2,159.65,12.60,26.42,333.12
CA-00000121,1,SKU-0059,2,132.65,12.97,19.29,271.62
CA-00000121,2,SKU-0111,3,245.98,84.61,54.57,707.90
CA-00000121,3,SKU-0091,1,168.75,8.76,11.95,171.94
CA-00000121,4,SKU-0003,2,31.36,0.32,3.31,65.71
CA-00000127,1,SKU-0042,1,397.25,30.68,23.60,390.17
CA-00000131,1,SKU-0067,2,56.54,1.56,6.05,117.57
CA-00000131,2,SKU-0008,1,45.95,3.86,3.68,45.77
CA-00000135,1,SKU-0106,1,102.37,3.44,5.65,104.58
CA-00000135,2,SKU-0017,2,67.91,9.62,5.64,131.84
CA-00000135,3,SKU-0104,1,201.87,13.72,8.57,196.72
CA-00000148,1,SKU-0067,1,49.75,3.59,3.51,49.67
CA-00000148,2,SKU-0080,1,95.21,6.44,6.64,95.41
CA-00000151,1,SKU-0061,1,216.64,4.75,8.48,220.37
CA-00000151,2,SKU-0069,1,235.24,23.52,10.19,221.91
CA-00000155,1,SKU-0091,3,188.87,39.03,29.08,556.66
CA-00000155,2,SKU-0002,4,148.09,10.10,52.08,634.34
CA-00000155,3,SKU-0103,2,323.91,23.89,27.13,651.06
CA-00000156,1,SKU-0046,1,139.55,11.67,8.78,136.66
CA-00000156,2,SKU-0008,1,42.00,2.38,3.01,42.63
CA-00000156,3,SKU-0064,1,23.41,0.76,1.80,24.45
CA-00000163,1,SKU-0024,1,32.11,1.11,2.25,33.25
CA-00000164,1,SKU-0041,1,358.57,2.08,17.37,373.86
CA-00000164,2,SKU-0011,1,266.07,0.97,17.64,282.74
CA-00000164,3,SKU-0084,2,390.23,20.75,55.37,815.08
CA-00000165,1,SKU-0004,1,134.54,12.70,5.62,127.46
CA-00000176,1,SKU-0106,1,98.68,0.36,6.56,104.88
CA-00000177,1,SKU-0054,2,220.52,36.69,20.33,424.68
CA-00000177,2,SKU-0012,1,76.49,6.77,5.75,75.47
CA-00000191,1,SKU-0070,4,223.51,13.58,35.82,916.28
CA-00000192,1,SKU-0029,1,144.91,0.66,5.78,150.03
CA-00000192,2,SKU-0069,2,234.38,50.38,19.37,437.75
CA-00000192,3,SKU-0085,1,167.27,9.22,7.39,165.44
CA-00000201,1,SKU-0038,1,253.96,29.52,16.64,241.08
CA-00000201,2,SKU-0116,1,428.37,31.48,35.35,432.24
CA-00000201,3,SKU-0082,3,277.36,46.41,38.22,823.89
CA-00000208,1,SKU-0019,1,44.16,3.37,1.94,42.73
CA-00000208,2,SKU-0003,2,31.83,4.92,3.39,62.13
CA-00000209,1,SKU-0019,4,48.95,10.53,10.14,195.41
CA-00000222,1,SKU-0009,2,160.88,36.01,13.77,299.52
CA-00000236,1,SKU-0019,1,44.93,1.66,2.37,45.64
CA-00000236,2,SKU-0047,1,17.29,0.22,1.17,18.24
CA-00000238,1,SKU-0014,3,340.05,20.54,54.33,1053.94
CA-00000257,1,SKU-0069,4,233.79,34.88,63.46,963.74
CA-00000257,2,SKU-0085,2,165.28,0.48,15.89,345.97
CA-00000259,1,SKU-0074,2,113.41,14.34,10.44,222.92
CA-00000259,2,SKU-0090,2,274.35,52.91,28.22,524.01
CA-00000259,3,SKU-0053,1,366.65,23.59,14.42,357.48
CA-00000260,1,SKU-0094,4,271.83,68.39,52.44,1071.37
CA-00000270,1,SKU-0120,1,276.37,12.58,11.47,275.26
CA-00000270,2,SKU-0067,2,55.98,2.27,8.02,117.71
CA-00000279,1,SKU-0033,1,108.32,9.71,5.12,103.73
CA-00000281,1,SKU-0016,2,124.05,18.85,13.09,242.34
CA-00000281,2,SKU-0057,3,462.31,13.34,84.62,1458.21
CA-00000283,1,SKU-0001,1,376.74,14.12,21.31,383.93
CA-00000283,2,SKU-0072,1,153.86,8.44,10.57,155.99
CA-00000288,1,SKU-0090,3,260.04,35.75,62.42,806.79
CA-00000288,2,SKU-0118,1,212.83,15.02,14.76,212.57
CA-00000288,3,SKU-0115,1,241.76,21.29,18.06,238.53
CA-00000288,4,SKU-0114,1,217.83,8.41,15.87,225.29
CA-00000330,1,SKU-0110,1,63.09,2.80,4.09,64.38
CA-00000330,2,SKU-0119,1,243.27,1.04,15.57,257.80
CA-00000338,1,SKU-0103,3,346.63,42.41,66.19,1063.67
CA-00000343,1,SKU-0120,1,269.02,7.49,17.01,278.54
CA-00000343,2,SKU-0023,1,182.46,15.02,10.33,177.77
CA-00000343,3,SKU-0086,1,20.53,1.09,0.95,20.39
CA-00000353,1,SKU-0042,1,427.66,50.27,19.87,397.26
CA-00000355,1,SKU-0097,1,176.57,7.95,12.49,181.11
CA-00000357,1,SKU-0094,1,286.77,27.80,19.56,278.53
CA-00000360,1,SKU-0098,4,322.84,150.07,87.38,1228.67
CA-00000361,1,SKU-0010,1,323.24,29.09,22.33,316.48
CA-00000362,1,SKU-0039,1,97.75,7.69,3.65,93.71
CA-00000362,2,SKU-0006,1,172.46,3.46,12.74,181.74
CA-00000390,1,SKU-0010,3,325.76,6.58,41.97,1012.67
CA-00000407,1,SKU-0090,4,261.93,27.48,90.63,1110.87
CA-00000407,2,SKU-0026,1,258.98,7.74,21.71,272.95
CA-00000407,3,SKU-0042,1,430.65,49.33,23.72,405.04
CA-00000408,1,SKU-0078,1,154.61,14.28,7.49,147.82
CA-00000408,2,SKU-0058,1,259.50,11.25,13.62,261.87
CA-00000418,1,SKU-0005,1,101.19,0.22,7.20,108.17
CA-00000419,1,SKU-0065,1,144.67,17.11,10.73,138.29
CA-00000440,1,SKU-0084,1,341.77,35.46,21.04,327.35
CA-00000440,2,SKU-0064,1,25.20,2.62,1.11,23.69
CA-00000449,1,SKU-0047,1,16.16,0.52,0.66,16.30
CA-00000457,1,SKU-0012,1,73.82,1.12,4.74,77.44
CA-00000459,1,SKU-0039,2,98.29,19.02,11.02,188.58
CA-00000459,2,SKU-0080,2,93.59,16.03,9.90,181.05
CA-00000460,1,SKU-0089,2,26.38,4.59,3.82,51.99
CA-00000461,1,SKU-0007,1,250.05,15.08,16.11,251.08
CA-00000461,2,SKU-0112,3,205.34,69.76,24.52,570.78
CA-00000470,1,SKU-0108,1,137.21,2.54,11.71,146.38
CA-00000470,2,SKU-0113,1,170.99,10.89,10.92,171.02
CA-00000472,1,SKU-0118,1,202.19,19.53,12.95,195.61
CA-00000472,2,SKU-0099,1,168.25,4.81,7.55,170.99
CA-00000472,3,SKU-0091,4,177.12,4.53,47.84,751.79
CA-00000498,1,SKU-0088,4,129.16,10.32,32.94,539.26
CA-00000498,2,SKU-0090,1,258.69,10.65,19.51,267.55
CA-00000498,3,SKU-0026,2,267.07,9.96,45.72,569.90
CA-00000499,1,SKU-0076,1,95.53,10.23,4.00,89.30
CA-00000507,1,SKU-0066,1,76.47,3.62,3.79,76.64
CA-00000507,2,SKU-0035,1,150.42,17.35,8.96,142.03
CA-00000520,1,SKU-0094,3,274.25,10.73,39.00,851.02
CA-00000520,2,SKU-0118,1,234.13,12.73,14.89,236.29
CA-00000529,1,SKU-0011,2,242.44,7.45,25.33,502.76
CA-00000529,2,SKU-0078,1,177.00,8.13,8.30,177.17
CA-00000529,3,SKU-0028,1,82.18,6.00,5.01,81.19
CA-00000529,4,SKU-0021,1,124.18,11.82,6.08,118.44
CA-00000529,5,SKU-0111,1,215.96,0.08,15.23,231.11
CA-00000537,1,SKU-0017,1,75.40,6.85,5.40,73.95
CA-00000537,2,SKU-0093,1,263.03,12.05,18.00,268.98
CA-00000537,3,SKU-0003,1,30.70,3.14,2.39,29.95
CA-00000537,4,SKU-0062,1,15.49,1.02,0.64,15.11
CA-00000541,1,SKU-0008,2,44.47,8.64,6.90,87.20
CA-00000541,2,SKU-0018,2,167.28,7.23,21.75,349.08
CA-00000541,3,SKU-0086,2,22.65,2.67,2.37,45.00
CA-00000541,4,SKU-0016,3,121.78,8.55,31.83,388.62
CA-00000544,1,SKU-0079,1,34.98,2.60,2.86,35.24
CA-00000544,2,SKU-0051,3,88.67,22.56,10.98,254.43
CA-00000544,3,SKU-0106,3,92.76,29.34,19.34,268.28
CA-00000544,4,SKU-0082,1,254.15,15.39,19.97,258.73
CA-00000544,5,SKU-0032,2,174.34,30.45,14.94,333.17
CA-00000547,1,SKU-0045,1,83.88,0.56,5.00,88.32
CA-00000547,2,SKU-0093,1,296.87,2.43,19.02,313.46
CA-00000549,1,SKU-0108,2,136.40,21.92,16.10,266.98
CA-00000549,2,SKU-0112,1,208.66,4.47,9.95,214.14
CA-00000549,3,SKU-0026,1,237.45,5.93,18.97,250.49
CA-00000549,4,SKU-0021,1,116.57,2.83,8.98,122.72
CA-00000558,1,SKU-0016,2,128.25,5.86,21.72,272.36
CA-00000558,2,SKU-0090,1,254.09,1.56,17.17,269.70
CA-00000558,3,SKU-0074,1,114.16,12.61,8.69,110.24
CA-00000558,4,SKU-0101,2,165.12,38.28,21.67,313.63
CA-00000574,1,SKU-0095,3,71.15,3.38,16.35,226.42
CA-00000574,2,SKU-0116,1,389.86,25.96,28.81,392.71
CA-00000582,1,SKU-0109,1,382.90,26.88,24.74,380.76
CA-00000582,2,SKU-0065,3,146.20,15.16,24.82,448.26
CA-00000582,3,SKU-0107,2,400.04,10.23,41.11,830.96
CA-00000599,1,SKU-0081,2,49.74,0.27,5.53,104.74
CA-00000599,2,SKU-0079,1,34.08,0.44,2.74,36.38
CA-00000599,3,SKU-0049,3,232.27,42.97,35.74,689.58
CA-00000601,1,SKU-0078,1,181.17,17.11,13.97,178.03
CA-00000601,2,SKU-0034,1,370.05,37.76,21.88,354.17
CA-00000601,3,SKU-0047,1,14.63,0.98,0.97,14.62
CA-00000601,4,SKU-0100,1,273.95,27.27,17.42,264.10
CA-00000611,1,SKU-0062,1,15.07,0.80,0.64,14.91
CA-00000617,1,SKU-0083,3,181.40,28.07,36.84,552.97
CA-00000617,2,SKU-0118,2,221.93,10.61,24.51,457.76
CA-00000637,1,SKU-0028,3,84.99,16.60,20.10,258.47
CA-00000638,1,SKU-0091,1,178.15,5.95,11.23,183.43
CA-00000640,1,SKU-0054,2,212.51,14.68,23.32,433.66
CA-00000648,1,SKU-0024,2,34.57,2.64,4.76,71.26
CA-00000654,1,SKU-0039,1,98.22,7.74,3.74,94.22
CA-00000657,1,SKU-0078,1,176.19,19.08,6.75,163.86
CA-00000657,2,SKU-0062,1,15.68,1.14,1.15,15.69
CA-00000657,3,SKU-0110,1,63.67,1.94,4.70,66.43
CA-00000657,4,SKU-0098,4,349.62,57.79,91.97,1432.66
CA-00000657,5,SKU-0016,1,121.61,14.20,4.42,111.83
CA-00000673,1,SKU-0070,1,231.54,21.57,16.65,226.62
CA-00000673,2,SKU-0001,1,348.38,37.39,18.40,329.39
CA-00000673,3,SKU-0018,2,156.56,25.81,23.84,311.15
CA-00000681,1,SKU-0075,4,28.22,7.89,8.23,113.22
CA-00000686,1,SKU-0090,1,254.44,10.32,21.66,265.78
CA-00000692,1,SKU-0031,1,341.84,9.26,29.13,361.71
CA-00000713,1,SKU-0051,2,96.36,18.27,8.25,182.70
CA-00000719,1,SKU-0041,1,305.69,23.20,20.80,303.29
CA-00000721,1,SKU-0065,2,149.26,7.68,24.54,315.38
CA-00000721,2,SKU-0103,2,328.44,8.38,38.79,687.29
CA-00000737,1,SKU-0105,1,116.87,13.19,6.02,109.70
CA-00000737,2,SKU-0073,4,117.98,8.24,34.94,498.62
CA-00000757,1,SKU-0111,4,243.38,58.57,73.18,988.13
CA-00000760,1,SKU-0059,1,138.18,8.47,6.24,135.95
CA-00000760,2,SKU-0101,1,165.78,12.68,8.68,161.78
CA-00000760,3,SKU-0021,2,121.33,1.61,15.73,256.78
CA-00000765,1,SKU-0081,1,45.90,5.19,3.22,43.93
CA-00000765,2,SKU-0012,1,76.78,5.73,3.23,74.28
CA-00000770,1,SKU-0086,1,23.03,1.19,1.20,23.04
CA-00000770,2,SKU-0036,1,285.92,7.21,19.83,298.54
CA-00000770,3,SKU-0019,2,45.66,6.76,6.37,90.93
CA-00000770,4,SKU-0032,2,192.16,5.71,30.98,409.59
CA-00000771,1,SKU-0061,1,206.65,10.04,14.71,211.32
CA-00000771,2,SKU-0097,1,154.85,2.95,11.45,163.35
CA-00000771,3,SKU-0078,1,163.17,3.59,6.46,166.04
CA-00000774,1,SKU-0090,1,245.10,23.91,9.46,230.65
CA-00000777,1,SKU-0076,1,94.09,1.15,7.13,100.07
CA-00000777,2,SKU-0011,3,245.73,61.14,51.42,727.47
CA-00000777,3,SKU-0019,1,45.66,0.90,3.71,48.47
CA-00000777,4,SKU-0018,2,165.69,31.91,22.57,322.04
CA-00000784,1,SKU-0062,1,15.49,1.26,0.84,15.07
CA-00000785,1,SKU-0083,1,181.05,2.89,14.51,192.67
CA-00000791,1,SKU-0113,1,164.46,8.01,13.39,169.84
CA-00000794,1,SKU-0100,2,265.56,27.44,42.20,545.88
CA-00000794,2,SKU-0001,1,391.71,45.82,19.97,365.86
CA-00000794,3,SKU-0016,2,129.47,6.54,21.41,273.81
CA-00000797,1,SKU-0024,2,31.14,7.44,2.86,57.70
CA-00000800,1,SKU-0098,1,315.66,5.81,21.19,331.04
CA-00000807,1,SKU-0033,3,110.95,32.35,24.67,325.17
CA-00000807,2,SKU-0020,1,213.89,19.11,17.42,212.20
CA-00000811,1,SKU-0016,1,131.90,12.86,8.50,127.54
CA-00000813,1,SKU-0053,1,340.62,15.90,19.62,344.34
CA-00000820,1,SKU-0114,4,218.41,32.69,72.45,913.40
CA-00000821,1,SKU-0088,1,128.82,11.24,9.55,127.13
CA-00000821,2,SKU-0101,3,164.44,40.06,39.57,492.83
CA-00000821,3,SKU-0056,1,231.32,7.09,9.50,233.73
CA-00000821,4,SKU-0010,1,299.06,2.83,23.89,320.12
CA-00000821,5,SKU-0011,1,250.27,15.73,9.39,243.93
CA-00000824,1,SKU-0054,1,230.95,9.12,14.71,236.54
CA-00000824,2,SKU-0113,1,170.65,4.90,11.43,177.18
CA-00000830,1,SKU-0042,2,402.62,57.97,32.45,779.72
CA-00000830,2,SKU-0094,1,312.58,20.44,14.61,306.75
CA-00000834,1,SKU-0041,2,327.70,54.81,38.36,638.95
CA-00000834,2,SKU-0116,1,451.21,17.15,18.96,453.02
CA-00000834,3,SKU-0089,2,23.88,1.15,4.10,50.71
CA-00000842,1,SKU-0102,1,19.26,0.66,0.79,19.39
CA-00000845,1,SKU-0095,3,73.95,25.33,13.69,210.21
CA-00000845,2,SKU-0063,2,22.97,4.44,2.36,43.86
CA-00000845,3,SKU-0077,1,264.56,20.98,15.26,258.84
CA-00000868,1,SKU-0038,1,267.35,22.90,12.44,256.89
CA-00000868,2,SKU-0051,1,102.66,11.45,3.67,94.88
CA-00000868,3,SKU-0117,1,100.75,7.21,6.03,99.57
CA-00000871,1,SKU-0116,1,420.34,20.31,23.26,423.29
CA-00000871,2,SKU-0019,1,44.47,3.19,3.31,44.59
CA-00000872,1,SKU-0117,1,94.69,9.32,6.98,92.35
CA-00000890,1,SKU-0005,1,105.37,7.94,4.42,101.85
CA-00000890,2,SKU-0117,1,101.59,12.08,4.49,94.00
CA-00000890,3,SKU-0092,1,16.12,0.03,0.98,17.07
CA-00000892,1,SKU-0111,2,222.40,4.89,29.21,469.12
CA-00000894,1,SKU-0056,2,266.35,41.01,20.88,512.57
CA-00000895,1,SKU-0040,1,230.99,20.58,10.23,220.64
CA-00000915,1,SKU-0044,2,253.43,7.61,30.83,530.08
CA-00000915,2,SKU-0079,3,33.62,2.72,6.66,104.80
CA-00000916,1,SKU-0097,1,154.37,1.88,12.62,165.11
CA-00000929,1,SKU-0075,2,28.67,0.21,3.99,61.12
CA-00000929,2,SKU-0070,3,253.60,18.50,54.69,796.99
CA-00000929,3,SKU-0050,1,385.50,41.15,14.83,359.18
CA-00000929,4,SKU-0049,1,222.46,9.06,16.46,229.86
CA-00000933,1,SKU-0099,2,172.67,22.45,15.33,338.22
CA-00000933,2,SKU-0020,3,212.05,48.16,30.45,618.44
CA-00000939,1,SKU-0059,1,120.28,11.94,6.56,114.90
CA-00000944,1,SKU-0106,2,98.96,0.45,17.32,214.79
CA-00000944,2,SKU-0018,2,144.41,6.17,18.07,300.72
CA-00000944,3,SKU-0074,1,118.83,7.04,7.81,119.60
CA-00000944,4,SKU-0006,1,164.26,9.92,9.60,163.94
CA-00000944,5,SKU-0118,1,208.67,12.76,12.19,208.10
CA-00000945,1,SKU-0035,2,153.74,2.49,23.24,328.23
CA-00000946,1,SKU-0053,1,356.97,7.35,22.28,371.90
CA-00000946,2,SKU-0022,1,216.25,16.06,11.22,211.41
CA-00000946,3,SKU-0052,1,262.00,22.66,16.67,256.01
CA-00000946,4,SKU-0013,3,307.98,37.85,58.41,944.50
CA-00000951,1,SKU-0019,2,46.97,4.09,7.78,97.63
CA-00000957,1,SKU-0048,2,173.24,16.72,25.04,354.80
CA-00000963,1,SKU-0060,1,223.80,14.46,14.42,223.76
CA-00000963,2,SKU-0020,3,231.65,66.34,36.47,665.08
CA-00000963,3,SKU-0029,3,127.77,30.58,27.27,380.00
CA-00000963,4,SKU-0069,2,225.23,52.41,26.33,424.38
CA-00000968,1,SKU-0010,1,284.92,17.73,11.86,279.05
CA-00000968,2,SKU-0049,1,220.91,26.18,8.69,203.42
CA-00000968,3,SKU-0090,1,268.96,21.02,15.00,262.94
CA-00000968,4,SKU-0039,3,98.33,16.71,21.14,299.42
CA-00000968,5,SKU-0050,1,367.17,18.25,27.40,376.32
CA-00000974,1,SKU-0003,1,34.84,0.93,1.84,35.75
CA-00000974,2,SKU-0001,5,343.34,86.13,110.21,1740.78
CA-00000978,1,SKU-0059,1,127.51,10.67,6.62,123.46
CA-00000984,1,SKU-0099,2,185.15,30.18,25.30,365.42
CA-00000992,1,SKU-0067,1,53.69,2.17,3.00,54.52
CA-00000992,2,SKU-0099,1,159.46,1.96,13.50,171.00
CA-00001003,1,SKU-0028,2,76.75,11.16,10.26,152.60
CA-00001003,2,SKU-0067,2,53.84,7.27,5.49,105.90
CA-00001003,3,SKU-0074,1,108.63,8.60,7.87,107.90
CA-00001005,1,SKU-0042,3,408.55,120.80,46.60,1151.45
CA-00001005,2,SKU-0033,2,105.59,1.46,12.13,221.85
CA-00001005,3,SKU-0014,1,367.42,25.74,16.71,358.39
CA-00001011,1,SKU-0110,1,73.00,6.20,4.19,70.99
CA-00001011,2,SKU-0005,1,102.53,6.95,6.37,101.95
CA-00001017,1,SKU-0002,1,147.35,5.24,11.38,153.49
CA-00001019,1,SKU-0015,1,211.66,17.41,12.83,207.08
CA-00001023,1,SKU-0080,1,85.81,0.88,3.75,88.68
CA-00001023,2,SKU-0098,3,351.15,19.17,77.85,1112.13
CA-00001028,1,SKU-0065,1,147.94,11.88,6.59,142.65
CA-00001028,2,SKU-0013,1,309.56,34.29,22.78,298.05
CA-00001028,3,SKU-0112,1,195.39,13.40,12.63,194.62
CA-00001028,4,SKU-0042,2,383.07,78.02,42.91,731.03
CA-00001028,5,SKU-0120,1,264.76,18.53,15.43,261.66
CA-00001033,1,SKU-0018,1,159.32,10.75,9.82,158.39
CA-00001033,2,SKU-0054,1,231.10,15.89,19.18,234.39
CA-00001033,3,SKU-0079,1,35.51,2.30,2.62,35.83
CA-00001033,4,SKU-0104,2,212.15,17.32,23.75,430.73
CA-00001033,5,SKU-0118,1,221.31,6.44,19.30,234.17
CA-00001040,1,SKU-0056,1,235.26,10.18,12.30,237.38
CA-00001044,1,SKU-0038,1,277.89,26.70,18.34,269.53
CA-00001044,2,SKU-0052,1,273.76,10.87,10.94,273.83
CA-00001046,1,SKU-0041,2,309.80,13.88,38.64,644.36
CA-00001048,1,SKU-0042,1,397.12,32.01,14.86,379.97
CA-00001075,1,SKU-0056,2,263.10,51.26,21.27,496.21
CA-00001075,2,SKU-0083,2,163.17,5.27,13.00,334.07
CA-00001083,1,SKU-0023,1,182.40,11.68,11.02,181.74
CA-00001083,2,SKU-0050,1,384.59,19.30,23.10,388.39
CA-00001083,3,SKU-0071,1,293.71,28.82,15.67,280.56
CA-00001084,1,SKU-0077,2,283.43,50.78,27.18,543.26
CA-00001085,1,SKU-0014,1,364.76,19.72,23.82,368.86
CA-00001085,2,SKU-0002,2,148.87,19.29,23.91,302.36
CA-00001085,3,SKU-0004,2,125.61,23.09,13.37,241.50
CA-00001092,1,SKU-0083,1,160.66,11.23,13.27,162.70
CA-00001096,1,SKU-0012,3,71.57,8.84,17.41,223.28
CA-00001096,2,SKU-0022,1,223.33,20.48,11.25,214.10
CA-00001106,1,SKU-0006,1,171.53,6.13,10.37,175.77
CA-00001106,2,SKU-0043,1,151.60,10.28,7.94,149.26
CA-00001106,3,SKU-0120,1,262.33,18.87,15.10,258.56
CA-00001107,1,SKU-0060,2,239.68,20.64,19.56,478.28
CA-00001120,1,SKU-0060,1,239.50,5.17,14.49,248.82
CA-00001120,2,SKU-0086,1,21.81,1.15,1.36,22.02
CA-00001130,1,SKU-0043,3,140.34,26.99,35.05,429.08
CA-00001131,1,SKU-0073,1,126.69,13.31,8.27,121.65
CA-00001132,1,SKU-0109,1,365.49,13.00,28.96,381.45
CA-00001132,2,SKU-0025,1,137.14,2.32,8.44,143.26
CA-00001132,3,SKU-0021,1,117.69,10.41,7.08,114.36
CA-00001132,4,SKU-0100,1,248.11,13.40,13.65,248.36
CA-00001135,1,SKU-0006,1,179.06,17.71,7.93,169.28
CA-00001147,1,SKU-0080,1,90.68,9.10,5.82,87.40
CA-00001147,2,SKU-0031,1,316.43,29.90,13.60,300.13
CA-00001150,1,SKU-0090,3,256.50,75.92,49.57,743.15
CA-00001155,1,SKU-0119,1,260.66,8.93,19.77,271.50
CA-00001155,2,SKU-0019,1,44.56,0.48,2.49,46.57
CA-00001155,3,SKU-0021,1,109.33,0.60,5.53,114.26
CA-00001158,1,SKU-0105,1,118.81,14.14,7.89,112.56
CA-00001158,2,SKU-0111,3,251.90,45.13,51.05,761.62
CA-00001160,1,SKU-0085,5,151.82,90.52,54.50,723.08
CA-00001167,1,SKU-0071,2,290.68,30.67,38.02,588.71
CA-00001167,2,SKU-0079,1,34.82,1.79,1.76,34.79
CA-00001169,1,SKU-0004,2,123.17,15.31,19.59,250.62
CA-00001169,2,SKU-0021,2,113.52,3.60,11.09,234.53
CA-00001169,3,SKU-0119,1,236.33,17.87,9.25,227.71
CA-00001174,1,SKU-0017,2,66.23,10.03,10.39,132.82
CA-00001174,2,SKU-0115,2,273.28,13.97,43.84,576.43
CA-00001175,1,SKU-0036,1,296.22,29.33,13.01,279.90
CA-00001181,1,SKU-0120,1,251.95,23.14,9.99,238.80
CA-00001190,1,SKU-0001,1,378.54,16.14,28.27,390.67
CA-00001191,1,SKU-0040,2,229.67,48.49,19.00,429.85
CA-00001191,2,SKU-0019,1,45.25,3.38,3.48,45.35
CA-00001191,3,SKU-0062,2,16.15,3.61,1.53,30.22
CA-00001191,4,SKU-0091,1,167.83,6.87,11.64,172.60
CA-00001192,1,SKU-0087,1,188.92,6.75,14.99,197.16
CA-00001202,1,SKU-0006,1,160.30,11.99,12.61,160.92
CA-00001202,2,SKU-0013,1,310.84,32.53,23.16,301.47
CA-00001202,3,SKU-0065,2,143.60,29.11,11.89,269.98
CA-00001202,4,SKU-0107,1,374.77,10.92,20.40,384.25
CA-00001206,1,SKU-0018,3,148.48,40.40,25.78,430.82
CA-00001206,2,SKU-0099,1,158.57,12.08,8.94,155.43
CA-00001209,1,SKU-0094,1,285.53,33.15,17.13,269.51
CA-00001209,2,SKU-0105,3,107.05,19.41,20.37,322.11
CA-00001214,1,SKU-0114,5,207.12,32.54,89.87,1092.93
CA-00001214,2,SKU-0085,2,154.11,28.96,21.73,300.99
CA-00001214,3,SKU-0081,1,46.98,1.79,4.03,49.22
CA-00001234,1,SKU-0091,1,185.50,13.12,7.81,180.19
CA-00001251,1,SKU-0045,1,92.62,6.22,3.71,90.11
CA-00001251,2,SKU-0002,1,152.41,17.66,9.73,144.48
CA-00001255,1,SKU-0058,1,277.08,13.50,15.50,279.08
CA-00001255,2,SKU-0063,1,23.81,1.15,1.39,24.05
CA-00001255,3,SKU-0116,2,452.54,15.08,69.13,959.13
CA-00001256,1,SKU-0008,2,48.11,9.91,4.30,90.61
CA-00001256,2,SKU-0104,2,195.25,26.71,27.42,391.21
CA-00001257,1,SKU-0054,1,210.39,24.06,9.30,195.63
CA-00001257,2,SKU-0040,3,247.89,16.94,40.05,766.78
CA-00001258,1,SKU-0001,1,369.24,19.00,21.60,371.84
CA-00001279,1,SKU-0019,1,50.09,0.52,4.20,53.77
CA-00001279,2,SKU-0016,1,130.94,8.97,10.84,132.81
CA-00001279,3,SKU-0048,1,187.79,2.35,16.67,202.11
CA-00001284,1,SKU-0041,1,361.60,30.36,29.39,360.63
CA-00001289,1,SKU-0056,1,243.18,19.50,15.64,239.32
CA-00001289,2,SKU-0068,3,78.46,21.70,15.34,229.02
CA-00001289,3,SKU-0032,1,181.66,1.92,11.70,191.44
CA-00001296,1,SKU-0023,2,164.22,15.71,26.23,338.96
CA-00001296,2,SKU-0043,1,137.55,7.34,9.33,139.54
CA-00001305,1,SKU-0070,1,222.11,22.02,10.45,210.54
CA-00001309,1,SKU-0019,1,49.88,3.38,2.90,49.40
CA-00001312,1,SKU-0109,1,353.11,14.42,24.43,363.12
CA-00001314,1,SKU-0002,3,144.03,15.42,33.28,449.95
CA-00001331,1,SKU-0083,1,184.79,7.39,9.26,186.66
CA-00001331,2,SKU-0069,5,238.37,99.59,86.09,1178.35
CA-00001349,1,SKU-0080,1,87.28,1.04,4.66,90.90
CA-00001349,2,SKU-0098,2,354.57,5.12,42.89,746.91
CA-00001355,1,SKU-0097,1,174.91,0.38,12.03,186.56
CA-00001355,2,SKU-0069,1,244.95,1.28,9.91,253.58
CA-00001355,3,SKU-0100,1,242.46,14.45,20.35,248.36
CA-00001359,1,SKU-0034,1,395.78,46.53,23.08,372.33
CA-00001377,1,SKU-0048,2,174.91,18.04,17.87,349.65
CA-00001377,2,SKU-0049,1,217.08,9.00,16.38,224.46
CA-00001377,3,SKU-0103,1,345.86,24.82,24.33,345.37
CA-00001377,4,SKU-0111,4,215.87,49.91,60.49,874.06
CA-00001382,1,SKU-0013,1,276.97,32.86,19.29,263.40
CA-00001383,1,SKU-0081,1,46.73,2.13,3.25,47.85
CA-00001383,2,SKU-0058,2,272.15,12.13,36.27,568.44
CA-00001383,3,SKU-0070,1,234.54,13.46,13.41,234.49
CA-00001384,1,SKU-0030,3,225.69,43.26,39.64,673.45
CA-00001387,1,SKU-0098,1,348.75,8.90,30.11,369.96
CA-00001387,2,SKU-0091,3,159.91,5.60,38.26,512.39
CA-00001389,1,SKU-0025,1,128.90,12.09,5.73,122.54
CA-00001393,1,SKU-0116,3,384.39,38.72,75.61,1190.06
CA-00001394,1,SKU-0003,2,31.43,0.88,2.98,64.96
CA-00001395,1,SKU-0111,1,222.97,15.88,14.51,221.60
CA-00001399,1,SKU-0111,2,245.93,52.66,18.25,457.45
CA-00001399,2,SKU-0062,1,16.17,0.28,0.87,16.76
CA-00001399,3,SKU-0096,1,28.28,3.20,1.65,26.73
CA-00001400,1,SKU-0075,1,27.50,2.91,1.82,26.41
CA-00001400,2,SKU-0098,2,345.17,7.76,48.13,730.71
CA-00001407,1,SKU-0026,1,272.17,17.29,17.46,272.34
CA-00001410,1,SKU-0092,1,16.01,1.64,1.27,15.64
CA-00001412,1,SKU-0103,1,368.10,28.57,17.94,357.47
CA-00001412,2,SKU-0039,1,98.47,10.72,6.17,93.92
CA-00001431,1,SKU-0060,1,242.84,10.07,13.33,246.10
CA-00001439,1,SKU-0102,1,18.51,2.15,0.80,17.16
CA-00001441,1,SKU-0002,5,146.53,30.93,41.97,743.69
CA-00001445,1,SKU-0074,2,107.14,25.24,8.04,197.08
CA-00001448,1,SKU-0080,1,95.13,1.28,6.23,100.08
CA-00001448,2,SKU-0094,1,286.37,22.71,15.41,279.07
CA-00001454,1,SKU-0033,3,106.79,23.73,17.64,314.28
CA-00001461,1,SKU-0098,2,348.54,40.79,41.21,697.50
CA-00001462,1,SKU-0118,2,230.57,16.92,39.02,483.24
CA-00001467,1,SKU-0007,2,228.99,30.82,37.54,464.70
CA-00001467,2,SKU-0101,1,162.37,10.16,12.64,164.85
CA-00001467,3,SKU-0113,1,157.55,5.06,10.50,162.99
CA-00001479,1,SKU-0112,1,202.65,20.94,11.97,193.68
CA-00001480,1,SKU-0048,1,188.31,1.55,13.74,200.50
CA-00001481,1,SKU-0048,1,189.98,21.86,8.62,176.74
CA-00001481,2,SKU-0096,1,32.40,3.08,1.61,30.93
CA-00001482,1,SKU-0114,3,209.07,67.95,42.05,601.31
CA-00001482,2,SKU-0119,2,246.49,41.21,28.71,480.48
CA-00001482,3,SKU-0008,2,43.61,7.01,5.56,85.77
CA-00001483,1,SKU-0011,1,246.95,16.52,13.66,244.09
CA-00001483,2,SKU-0075,1,26.94,2.33,2.02,26.63
CA-00001487,1,SKU-0012,1,74.23,6.66,4.42,71.99
CA-00001487,2,SKU-0092,1,16.02,0.36,1.15,16.81
CA-00001494,1,SKU-0096,1,30.82,3.28,1.36,28.90
CA-00001506,1,SKU-0035,5,149.32,68.91,47.25,724.94
CA-00001510,1,SKU-0040,2,250.04,31.31,27.37,496.14
CA-00001510,2,SKU-0095,1,70.21,8.15,5.31,67.37
CA-00001510,3,SKU-0061,1,195.28,8.88,10.10,196.50
CA-00001510,4,SKU-0029,1,145.21,13.70,8.09,139.60
CA-00001511,1,SKU-0046,1,151.08,16.92,11.80,145.96
CA-00001513,1,SKU-0109,2,354.06,9.34,43.54,742.32
CA-00001513,2,SKU-0076,1,96.73,0.66,7.02,103.09
CA-00001513,3,SKU-0013,1,317.67,20.60,13.93,311.00
CA-00001513,4,SKU-0021,3,122.32,39.92,24.26,351.30
CA-00001514,1,SKU-0056,1,261.50,2.07,19.17,278.60
CA-00001514,2,SKU-0078,1,166.88,7.21,10.68,170.35
CA-00001518,1,SKU-0107,1,388.97,4.71,17.28,401.54
CA-00001521,1,SKU-0055,2,32.45,4.72,4.89,65.07
CA-00001521,2,SKU-0088,1,139.63,11.16,10.48,138.95
CA-00001521,3,SKU-0059,1,131.84,10.08,7.37,129.13
CA-00001530,1,SKU-0046,1,129.55,3.60,6.06,132.01
CA-00001535,1,SKU-0108,1,132.80,13.96,5.52,124.36
CA-00001535,2,SKU-0111,1,212.91,19.21,11.44,205.14
CA-00001546,1,SKU-0083,4,158.45,28.33,42.95,648.42
CA-00001546,2,SKU-0030,1,219.24,2.42,18.11,234.93
CA-00001555,1,SKU-0058,1,261.21,25.32,11.56,247.45
CA-00001556,1,SKU-0089,2,26.57,4.94,2.03,50.23
CA-00001556,2,SKU-0018,1,170.99,18.73,6.32,158.58
CA-00001560,1,SKU-0001,1,391.50,28.31,15.86,379.05
CA-00001562,1,SKU-0043,2,142.87,25.71,13.27,273.30
CA-00001562,2,SKU-0035,2,137.65,8.37,22.25,289.18
CA-00001562,3,SKU-0099,1,182.68,3.47,8.35,187.56
CA-00001565,1,SKU-0014,1,332.81,1.63,25.42,356.60
CA-00001577,1,SKU-0024,3,34.42,0.37,4.36,107.25
CA-00001586,1,SKU-0111,2,240.54,57.70,36.95,460.33
CA-00001586,2,SKU-0087,1,180.48,16.03,14.06,178.51
CA-00001586,3,SKU-0045,2,84.61,9.75,6.48,165.95
CA-00001590,1,SKU-0120,2,280.35,4.52,27.95,584.13
CA-00001590,2,SKU-0077,1,286.54,30.53,19.04,275.05
CA-00001592,1,SKU-0018,1,164.92,9.40,12.86,168.38
CA-00001594,1,SKU-0063,1,24.65,2.36,1.01,23.30
CA-00001594,2,SKU-0108,2,139.41,4.92,12.32,286.22
CA-00001604,1,SKU-0064,1,27.31,3.09,1.60,25.82
CA-00001612,1,SKU-0046,1,148.88,10.09,10.42,149.21
CA-00001618,1,SKU-0037,2,73.80,3.17,9.74,154.17
CA-00001622,1,SKU-0002,2,147.80,12.71,16.54,299.43
CA-00001622,2,SKU-0011,1,279.12,28.28,11.11,261.95
CA-00001622,3,SKU-0107,1,374.48,41.28,24.83,358.03
CA-00001622,4,SKU-0026,1,262.50,17.58,20.55,265.47
CA-00001627,1,SKU-0032,1,169.60,15.44,6.32,160.48
CA-00001627,2,SKU-0012,2,68.88,4.82,7.82,140.76
CA-00001627,3,SKU-0115,1,281.87,24.71,17.20,274.36
CA-00001635,1,SKU-0110,1,68.96,0.47,4.46,72.95
CA-00001635,2,SKU-0039,4,97.54,20.41,15.92,385.67
CA-00001635,3,SKU-0045,1,79.02,6.04,5.34,78.32
CA-00001639,1,SKU-0110,3,68.10,5.32,9.60,208.58
CA-00001656,1,SKU-0071,3,291.62,26.11,62.59,911.34
CA-00001656,2,SKU-0017,1,67.66,1.00,5.79,72.45
CA-00001660,1,SKU-0069,2,235.11,16.25,23.06,477.03
CA-00001666,1,SKU-0028,1,79.68,7.87,3.83,75.64
CA-00001666,2,SKU-0032,1,171.65,13.29,9.85,168.21
CA-00001671,1,SKU-0096,1,30.00,1.70,2.07,30.37
CA-00001671,2,SKU-0024,4,34.68,2.64,9.32,145.40
CA-00001690,1,SKU-0097,2,171.97,27.51,20.65,337.08
CA-00001690,2,SKU-0051,2,102.56,15.40,8.21,197.93
CA-00001690,3,SKU-0061,1,216.76,7.40,17.66,227.02
CA-00001703,1,SKU-0084,1,346.81,35.60,22.06,333.27
CA-00001706,1,SKU-0080,1,87.42,7.58,3.27,83.11
CA-00001715,1,SKU-0066,1,69.76,1.77,5.16,73.15
CA-00001715,2,SKU-0012,2,64.95,3.24,6.98,133.64
CA-00001719,1,SKU-0077,3,267.79,37.03,52.85,819.19
CA-00001721,1,SKU-0061,1,194.22,11.25,10.14,193.11
CA-00001721,2,SKU-0090,2,276.24,4.94,25.23,572.77
CA-00001721,3,SKU-0025,1,137.30,4.83,11.81,144.28
CA-00001721,4,SKU-0045,1,87.01,6.79,5.03,85.25
CA-00001727,1,SKU-0068,1,78.54,1.54,6.42,83.42
CA-00001727,2,SKU-0095,3,71.44,11.20,15.11,218.23
CA-00001727,3,SKU-0074,1,110.27,3.39,6.46,113.34
CA-00001727,4,SKU-0049,1,217.66,4.79,16.99,229.86
CA-00001730,1,SKU-0052,1,249.23,22.27,12.42,239.38
CA-00001734,1,SKU-0037,1,68.38,4.84,4.99,68.53
CA-00001746,1,SKU-0001,2,353.87,66.78,37.34,678.30
CA-00001746,2,SKU-0010,1,326.80,0.46,25.84,352.18
CA-00001750,1,SKU-0025,1,120.40,11.16,9.16,118.40
CA-00001750,2,SKU-0044,1,254.30,21.69,16.88,249.49
CA-00001754,1,SKU-0057,1,433.84,23.95,27.75,437.64
CA-00001754,2,SKU-0006,1,174.38,15.34,11.26,170.30
CA-00001757,1,SKU-0120,1,295.17,11.16,24.83,308.84
CA-00001757,2,SKU-0106,5,94.35,46.49,33.42,458.68
CA-00001757,3,SKU-0008,1,42.44,0.65,2.27,44.06
CA-00001775,1,SKU-0035,1,147.30,3.05,7.97,152.22
CA-00001778,1,SKU-0081,3,43.76,6.93,8.20,132.55
CA-00001778,2,SKU-0019,2,42.70,2.08,4.50,87.82
CA-00001779,1,SKU-0041,2,359.59,58.22,38.25,699.21
CA-00001779,2,SKU-0096,1,33.03,3.19,2.66,32.50
CA-00001791,1,SKU-0014,1,337.92,16.17,17.66,339.41
CA-00001796,1,SKU-0119,2,257.96,3.98,21.07,533.01
CA-00001796,2,SKU-0022,3,198.79,7.74,38.23,626.86
CA-00001802,1,SKU-0012,3,73.05,9.39,15.78,225.54
CA-00001822,1,SKU-0119,2,265.98,29.93,42.59,544.62
CA-00001822,2,SKU-0099,1,168.12,13.03,11.90,166.99
CA-00001822,3,SKU-0104,2,211.08,20.84,29.51,430.83
CA-00001828,1,SKU-0043,1,135.18,4.92,5.84,136.10
CA-00001833,1,SKU-0084,2,377.55,12.98,58.79,800.91
CA-00001833,2,SKU-0099,2,165.85,36.56,13.73,308.87
CA-00001843,1,SKU-0047,1,16.03,0.02,1.28,17.29
CA-00001846,1,SKU-0111,2,222.04,46.91,28.87,426.04
CA-00001848,1,SKU-0116,2,413.09,2.09,42.84,866.93
CA-00001862,1,SKU-0094,5,320.66,111.27,110.69,1602.72
CA-00001862,2,SKU-0100,4,230.72,67.72,44.78,899.94
CA-00001862,3,SKU-0058,1,258.25,27.93,11.79,242.11
CA-00001867,1,SKU-0020,1,227.59,5.15,11.49,233.93
CA-00001867,2,SKU-0062,2,14.79,0.26,2.06,31.38
CA-00001885,1,SKU-0119,1,256.17,22.05,19.21,253.33
CA-00001885,2,SKU-0017,1,69.97,4.63,5.30,70.64
CA-00001887,1,SKU-0098,4,357.55,95.76,58.89,1393.33
CA-00001890,1,SKU-0008,1,42.90,4.83,1.71,39.78
CA-00001890,2,SKU-0061,2,217.74,17.29,27.00,445.19
CA-00001892,1,SKU-0026,1,247.69,8.04,12.89,252.54
CA-00001892,2,SKU-0078,2,157.99,2.48,23.93,337.43
CA-00001892,3,SKU-0114,1,214.09,3.27,13.96,224.78
CA-00001893,1,SKU-0083,2,160.67,4.06,25.61,342.89
CA-00001895,1,SKU-0034,2,393.05,65.86,46.92,767.16
CA-00001895,2,SKU-0023,4,179.08,83.76,56.47,689.03
CA-00001900,1,SKU-0032,1,192.95,22.21,9.86,180.60
CA-00001900,2,SKU-0004,1,135.90,2.22,6.90,140.58
CA-00001900,3,SKU-0021,2,128.51,19.23,20.38,258.17
CA-00001900,4,SKU-0014,4,357.30,79.81,107.33,1456.72
CA-00001900,5,SKU-0072,1,165.14,11.07,8.74,162.81
CA-00001902,1,SKU-0007,1,245.79,8.40,13.52,250.91
CA-00001902,2,SKU-0050,5,406.11,1.45,130.10,2159.20
CA-00001902,3,SKU-0080,1,93.04,3.52,4.35,93.87
CA-00001902,4,SKU-0005,1,107.16,1.20,8.25,114.21
CA-00001907,1,SKU-0025,1,132.42,6.24,9.27,135.45
CA-00001907,2,SKU-0053,3,369.38,50.26,80.43,1138.31
CA-00001908,1,SKU-0012,3,67.06,12.30,16.65,205.53
CA-00001934,1,SKU-0023,1,179.00,20.29,11.68,170.39
CA-00001938,1,SKU-0083,1,161.98,9.39,12.41,165.00
CA-00001938,2,SKU-0029,1,128.91,7.19,7.80,129.52
CA-00001953,1,SKU-0029,1,145.23,6.50,7.30,146.03
CA-00001954,1,SKU-0046,1,139.98,0.83,7.43,146.58
CA-00001954,2,SKU-0073,4,128.70,23.47,20.39,511.72
CA-00001954,3,SKU-0089,1,28.21,0.66,2.19,29.74
CA-00001954,4,SKU-0106,3,99.06,30.54,20.27,286.91
CA-00001955,1,SKU-0064,1,27.18,2.38,1.97,26.77
CA-00001969,1,SKU-0107,1,378.60,41.42,14.82,352.00
CA-00001969,2,SKU-0031,1,337.45,14.64,25.22,348.03
CA-00001969,3,SKU-0106,1,89.02,3.48,4.38,89.92
CA-00001969,4,SKU-0046,1,132.60,0.93,10.24,141.91
CA-00001991,1,SKU-0016,2,131.68,6.33,21.81,278.84
CA-00001994,1,SKU-0085,2,155.20,34.91,19.80,295.29
CA-00001994,2,SKU-0092,1,15.65,0.74,1.13,16.04
CA-00001998,1,SKU-0052,1,270.10,25.56,17.29,261.83
CA-00002005,1,SKU-0056,1,235.73,13.98,18.84,240.59
CA-00002005,2,SKU-0065,1,145.56,6.01,7.90,147.45
CA-00002014,1,SKU-0062,1,15.66,1.86,0.95,14.75
CA-00002014,2,SKU-0019,1,48.90,3.09,3.92,49.73
CA-00002014,3,SKU-0106,2,100.96,6.39,8.08,203.61
CA-00002014,4,SKU-0003,1,33.68,3.73,2.22,32.17
CA-00002019,1,SKU-0053,3,383.78,6.56,65.90,1210.68
CA-00002020,1,SKU-0033,1,115.74,7.77,7.39,115.36
CA-00002034,1,SKU-0092,2,17.39,1.04,1.82,35.56
CA-00002051,1,SKU-0100,3,237.11,39.94,31.91,703.30
CA-00002051,2,SKU-0051,4,90.20,8.67,14.12,366.25
CA-00002053,1,SKU-0029,2,130.93,14.99,15.99,262.86
CA-00002053,2,SKU-0048,2,187.81,7.39,28.73,396.96
CA-00002055,1,SKU-0097,1,160.66,14.12,11.79,158.33
CA-00002055,2,SKU-0075,1,25.08,0.65,1.00,25.43
CA-00002055,3,SKU-0021,5,117.51,2.79,42.04,626.80
CA-00002055,4,SKU-0082,1,287.90,17.31,16.36,286.95
CA-00002058,1,SKU-0021,3,111.54,33.10,20.67,322.19
CA-00002058,2,SKU-0064,4,27.27,11.20,6.28,104.16
CA-00002058,3,SKU-0087,2,176.40,11.03,27.26,369.03
CA-00002058,4,SKU-0054,3,206.03,3.17,54.11,669.03
CA-00002058,5,SKU-0034,1,397.52,6.75,24.07,414.84
CA-00002063,1,SKU-0007,4,258.37,98.65,66.30,1001.13
CA-00002063,2,SKU-0024,2,33.58,1.88,4.26,69.54
CA-00002063,3,SKU-0033,1,120.03,8.11,7.81,119.73
CA-00002065,1,SKU-0039,1,102.57,9.12,8.27,101.72
CA-00002065,2,SKU-0091,1,184.33,20.60,12.23,175.96
CA-00002065,3,SKU-0011,2,277.16,51.86,27.52,529.98
CA-00002065,4,SKU-0072,1,168.43,8.57,11.24,171.10
CA-00002072,1,SKU-0023,1,158.10,11.90,10.33,156.53
CA-00002095,1,SKU-0112,1,198.35,14.68,10.33,194.00
CA-00002095,2,SKU-0094,1,297.65,34.19,19.11,282.57
CA-00002109,1,SKU-0060,1,243.35,14.78,11.53,240.10
CA-00002109,2,SKU-0036,1,267.48,9.71,20.47,278.24
CA-00002109,3,SKU-0079,2,34.20,1.09,5.21,72.52
CA-00002116,1,SKU-0081,3,46.29,14.68,6.32,130.51
CA-00002137,1,SKU-0054,1,223.43,4.23,13.92,233.12
CA-00002137,2,SKU-0088,1,136.56,14.43,7.33,129.46
CA-00002137,3,SKU-0003,3,35.30,0.37,8.09,113.62
CA-00002137,4,SKU-0039,2,89.20,14.40,8.99,172.99
CA-00002147,1,SKU-0114,1,232.70,9.35,17.48,240.83
CA-00002151,1,SKU-0019,1,47.48,4.29,2.08,45.27
CA-00002185,1,SKU-0075,1,25.94,2.37,1.71,25.28
CA-00002185,2,SKU-0027,4,66.08,7.22,14.32,271.42
CA-00002187,1,SKU-0036,1,288.43,24.52,21.06,284.97
CA-00002190,1,SKU-0055,3,28.01,4.40,4.94,84.57
CA-00002190,2,SKU-0051,4,89.98,0.34,14.74,374.32
CA-00002190,3,SKU-0001,3,356.76,100.04,41.98,1012.22
CA-00002190,4,SKU-0044,1,262.45,4.53,20.36,278.28
CA-00002190,5,SKU-0081,1,47.29,5.17,3.09,45.21
CA-00002196,1,SKU-0027,3,68.23,11.52,16.47,209.64
CA-00002196,2,SKU-0051,1,91.86,3.76,3.88,91.98
CA-00002197,1,SKU-0114,1,202.89,5.28,14.27,211.88
CA-00002197,2,SKU-0056,1,230.35,9.14,12.94,234.15
CA-00002197,3,SKU-0065,4,136.86,57.28,38.66,528.82
CA-00002197,4,SKU-0060,1,248.18,24.48,9.25,232.95
CA-00002201,1,SKU-0029,2,140.20,23.40,17.12,274.12
CA-00002225,1,SKU-0039,1,97.86,2.47,6.75,102.14
CA-00002232,1,SKU-0080,1,84.87,7.69,6.74,83.92
CA-00002234,1,SKU-0083,1,183.11,20.63,14.34,176.82
CA-00002234,2,SKU-0035,3,146.74,41.91,20.95,419.26
CA-00002251,1,SKU-0059,2,120.42,22.79,10.47,228.52
CA-00002260,1,SKU-0045,2,87.06,16.76,9.41,166.77
CA-00002260,2,SKU-0017,1,65.34,3.65,4.95,66.64
CA-00002260,3,SKU-0007,1,236.95,21.13,13.93,229.75
CA-00002272,1,SKU-0100,3,248.36,66.25,56.63,735.46
CA-00002272,2,SKU-0014,1,362.43,40.00,14.51,336.94
CA-00002275,1,SKU-0093,1,305.59,34.35,12.49,283.73
CA-00002275,2,SKU-0056,2,232.68,55.40,22.71,432.67
CA-00002275,3,SKU-0114,1,232.59,12.46,12.56,232.69
CA-00002276,1,SKU-0076,1,95.11,5.02,3.67,93.76
CA-00002276,2,SKU-0052,3,258.69,3.74,31.26,803.59
CA-00002281,1,SKU-0076,1,97.08,1.83,6.36,101.61
CA-00002285,1,SKU-0029,4,134.29,44.65,36.62,529.13
CA-00002285,2,SKU-0008,2,41.44,3.28,5.64,85.24
CA-00002290,1,SKU-0019,4,43.83,20.89,13.64,168.07
CA-00002292,1,SKU-0037,2,64.74,10.26,6.19,125.41
CA-00002295,1,SKU-0008,2,47.60,6.69,7.10,95.61
CA-00002295,2,SKU-0037,1,68.95,0.26,5.35,74.04
CA-00002302,1,SKU-0028,1,82.78,1.58,3.32,84.52
CA-00002303,1,SKU-0012,2,65.47,0.37,9.27,139.84
CA-00002305,1,SKU-0119,2,264.95,30.26,25.21,524.85
CA-00002305,2,SKU-0081,1,50.41,0.74,3.07,52.74
CA-00002321,1,SKU-0094,1,318.37,37.17,16.22,297.42
CA-00002321,2,SKU-0062,1,16.70,1.32,0.67,16.05
CA-00002326,1,SKU-0036,2,292.54,23.94,35.04,596.18
CA-00002327,1,SKU-0117,3,97.00,31.72,22.96,282.24
CA-00002327,2,SKU-0018,1,153.00,7.12,9.35,155.23
CA-00002327,3,SKU-0016,2,133.03,7.01,22.31,281.36
CA-00002332,1,SKU-0059,1,127.62,8.58,9.02,128.06
CA-00002332,2,SKU-0009,1,167.71,9.69,9.43,167.45
CA-00002348,1,SKU-0097,1,172.25,8.18,7.51,171.58
CA-00002348,2,SKU-0024,1,31.80,0.96,2.11,32.95
CA-00002352,1,SKU-0028,1,84.76,9.12,3.97,79.61
CA-00002352,2,SKU-0108,2,141.80,19.66,22.41,286.35
CA-00002390,1,SKU-0052,1,251.79,29.61,13.54,235.72
CA-00002390,2,SKU-0069,2,223.94,36.90,27.51,438.49
CA-00002392,1,SKU-0061,2,200.44,27.72,18.74,391.90
CA-00002402,1,SKU-0091,1,173.53,13.74,11.11,170.90
CA-00002402,2,SKU-0007,1,233.03,21.88,10.83,221.98
CA-00002402,3,SKU-0035,2,159.35,30.29,15.90,304.31
CA-00002403,1,SKU-0025,4,136.15,36.98,39.30,546.92
CA-00002404,1,SKU-0105,2,102.12,22.76,15.06,196.54
CA-00002404,2,SKU-0076,2,110.59,18.42,12.79,215.55
CA-00002407,1,SKU-0101,3,180.72,23.28,26.85,545.73
CA-00002408,1,SKU-0120,4,255.04,71.11,49.87,998.92
CA-00002414,1,SKU-0072,1,154.97,5.60,11.68,161.05
CA-00002414,2,SKU-0087,1,196.89,5.01,14.10,205.98
CA-00002414,3,SKU-0074,3,108.68,19.43,27.47,334.08
CA-00002420,1,SKU-0027,1,63.22,3.11,4.49,64.60
CA-00002420,2,SKU-0001,2,362.84,10.48,58.20,773.40
CA-00002422,1,SKU-0035,1,146.68,10.56,10.52,146.64
CA-00002434,1,SKU-0079,3,33.72,6.42,7.64,102.38
CA-00002436,1,SKU-0117,1,93.89,10.88,3.60,86.61
CA-00002436,2,SKU-0007,1,246.61,27.21,17.93,237.33
CA-00002460,1,SKU-0085,2,143.52,27.47,17.92,277.49
CA-00002460,2,SKU-0099,3,176.69,52.43,22.20,499.84
CA-00002460,3,SKU-0058,2,293.63,22.56,45.31,610.01
CA-00002469,1,SKU-0040,3,250.13,33.15,32.09,749.33
CA-00002480,1,SKU-0026,1,269.07,1.02,15.76,283.81
CA-00002480,2,SKU-0050,2,403.96,93.37,60.89,775.44
CA-00002480,3,SKU-0101,1,177.00,6.17,8.49,179.32
CA-00002480,4,SKU-0113,4,154.32,2.22,35.61,650.67
CA-00002486,1,SKU-0032,1,174.78,4.08,15.04,185.74
CA-00002501,1,SKU-0096,1,33.01,0.29,2.48,35.20
CA-00002509,1,SKU-0009,1,182.20,18.27,13.05,176.98
CA-00002511,1,SKU-0054,1,227.57,1.20,9.17,235.54
CA-00002511,2,SKU-0006,1,168.25,16.26,12.95,164.94
CA-00002520,1,SKU-0062,1,15.63,0.67,0.70,15.66
CA-00002520,2,SKU-0047,1,16.05,0.82,1.27,16.50
CA-00002521,1,SKU-0046,2,139.56,17.20,21.40,283.32
CA-00002523,1,SKU-0009,1,163.63,9.25,11.98,166.36
CA-00002527,1,SKU-0103,1,346.99,39.68,26.79,334.10
CA-00002527,2,SKU-0113,1,164.15,7.40,11.64,168.39
CA-00002536,1,SKU-0046,1,130.93,0.32,9.35,139.96
CA-00002546,1,SKU-0043,1,157.71,9.09,9.78,158.40
CA-00002548,1,SKU-0083,1,179.55,9.35,11.01,181.21
CA-00002548,2,SKU-0113,1,156.72,11.11,8.53,154.14
CA-00002573,1,SKU-0107,1,393.11,19.82,27.61,400.90
CA-00002573,2,SKU-0002,3,149.37,8.26,27.07,466.92
CA-00002573,3,SKU-0064,1,25.67,1.88,1.61,25.40
CA-00002573,4,SKU-0066,2,77.19,11.01,8.32,151.69
CA-00002573,5,SKU-0013,5,303.19,29.50,131.01,1617.46
CA-00002575,1,SKU-0074,2,120.96,8.96,19.20,252.16
CA-00002579,1,SKU-0084,2,387.19,51.63,36.55,759.30
CA-00002580,1,SKU-0059,2,116.88,24.87,18.01,226.90
CA-00002582,1,SKU-0031,2,294.73,34.24,40.35,595.57
CA-00002585,1,SKU-0059,1,126.07,8.27,8.68,126.48
CA-00002585,2,SKU-0044,1,278.49,31.57,16.10,263.02
CA-00002585,3,SKU-0114,2,217.25,37.80,22.42,419.12
CA-00002585,4,SKU-0029,1,135.64,5.04,5.99,136.59
CA-00002585,5,SKU-0070,1,223.69,20.80,13.39,216.28
CA-00002597,1,SKU-0034,1,347.26,34.44,16.42,329.24
CA-00002597,2,SKU-0084,3,341.40,20.92,45.99,1049.27
CA-00002597,3,SKU-0053,1,362.48,42.12,21.36,341.72
CA-00002604,1,SKU-0039,2,101.12,21.26,9.18,190.16
CA-00002604,2,SKU-0054,1,238.07,8.74,15.15,244.48
CA-00002604,3,SKU-0021,1,122.09,6.55,4.99,120.53
CA-00002604,4,SKU-0004,1,120.99,4.80,6.48,122.67
CA-00002612,1,SKU-0049,1,211.77,17.96,10.78,204.59
CA-00002612,2,SKU-0030,2,227.29,46.00,26.67,435.25
CA-00002612,3,SKU-0038,1,264.01,5.93,11.38,269.46
CA-00002616,1,SKU-0076,1,107.90,7.83,5.06,105.13
CA-00002616,2,SKU-0111,1,225.95,6.40,9.58,229.13
CA-00002616,3,SKU-0014,1,364.41,42.75,18.22,339.88
CA-00002616,4,SKU-0096,1,28.93,2.04,2.02,28.91
CA-00002618,1,SKU-0102,2,18.61,4.27,2.07,35.02
CA-00002634,1,SKU-0050,1,413.81,33.84,26.53,406.50
CA-00002635,1,SKU-0076,2,101.85,10.21,12.41,205.90
CA-00002636,1,SKU-0035,2,160.48,32.04,25.12,314.04
CA-00002642,1,SKU-0081,1,46.63,0.87,3.52,49.28
CA-00002652,1,SKU-0078,1,161.97,8.79,12.16,165.34
CA-00002652,2,SKU-0040,1,251.78,22.97,17.74,246.55
CA-00002654,1,SKU-0116,2,439.86,72.33,59.33,866.72
CA-00002654,2,SKU-0002,1,135.98,9.76,7.65,133.87
CA-00002654,3,SKU-0012,1,65.63,1.70,3.96,67.89
CA-00002654,4,SKU-0051,4,91.52,16.87,25.37,374.58
CA-00002654,5,SKU-0078,3,177.67,58.83,34.66,508.84
CA-00002664,1,SKU-0026,1,259.26,26.70,13.12,245.68
CA-00002664,2,SKU-0087,1,199.03,6.31,9.66,202.38
CA-00002677,1,SKU-0049,1,239.85,23.04,17.30,234.11
CA-00002681,1,SKU-0088,1,130.35,4.33,5.11,131.13
CA-00002682,1,SKU-0105,2,106.18,20.10,11.98,204.24
CA-00002682,2,SKU-0011,1,264.71,28.39,17.72,254.04
CA-00002682,3,SKU-0020,2,233.44,27.56,38.70,478.02
CA-00002683,1,SKU-0024,4,32.80,9.32,7.81,129.69
CA-00002683,2,SKU-0033,1,111.87,7.46,4.77,109.18
CA-00002683,3,SKU-0062,1,14.02,0.24,0.72,14.50
CA-00002694,1,SKU-0089,1,27.20,1.07,1.75,27.88
CA-00002695,1,SKU-0108,2,146.50,14.91,19.23,297.32
CA-00002697,1,SKU-0022,1,197.63,14.58,12.49,195.54
CA-00002697,2,SKU-0014,1,368.67,37.64,27.66,358.69
CA-00002705,1,SKU-0095,2,69.70,10.64,5.65,134.41
CA-00002705,2,SKU-0096,2,30.76,1.72,3.06,62.86
CA-00002705,3,SKU-0007,2,245.60,57.47,34.38,468.11
CA-00002705,4,SKU-0088,1,148.88,0.58,11.19,159.49
CA-00002706,1,SKU-0008,1,41.87,0.63,3.67,44.91
CA-00002706,2,SKU-0042,3,413.99,9.98,69.98,1301.97
CA-00002711,1,SKU-0079,2,37.75,7.15,3.62,71.97
CA-00002714,1,SKU-0114,2,204.33,20.87,24.76,412.55
CA-00002714,2,SKU-0064,1,25.33,1.54,1.97,25.76
CA-00002725,1,SKU-0054,2,212.49,34.08,19.85,410.75
CA-00002725,2,SKU-0110,1,67.02,5.91,3.07,64.18
CA-00002754,1,SKU-0070,3,228.19,38.10,50.32,696.79
CA-00002754,2,SKU-0024,1,33.59,1.58,1.34,33.35
CA-00002754,3,SKU-0091,3,182.95,55.50,19.97,513.32
CA-00002758,1,SKU-0042,1,391.17,24.79,20.60,386.98
CA-00002758,2,SKU-0106,1,89.52,7.24,5.54,87.82
CA-00002760,1,SKU-0022,1,195.95,19.73,12.23,188.45
CA-00002760,2,SKU-0067,3,54.29,4.80,6.36,164.43
CA-00002760,3,SKU-0042,1,391.80,0.93,16.20,407.07
CA-00002760,4,SKU-0093,2,289.24,9.55,42.14,611.07
CA-00002769,1,SKU-0113,1,162.21,0.70,10.08,171.59
CA-00002781,1,SKU-0004,3,130.88,20.84,32.68,404.48
CA-00002781,2,SKU-0053,1,345.58,11.48,19.35,353.45
CA-00002781,3,SKU-0058,1,270.00,6.98,14.11,277.13
CA-00002782,1,SKU-0042,1,432.32,15.56,25.49,442.25
CA-00002784,1,SKU-0114,1,211.72,20.16,10.06,201.62
CA-00002788,1,SKU-0065,2,150.16,32.67,16.96,284.61
CA-00002796,1,SKU-0054,1,237.42,6.35,11.61,242.68
CA-00002796,2,SKU-0062,1,15.78,1.53,1.25,15.50
CA-00002810,1,SKU-0117,1,104.41,0.35,8.93,112.99
CA-00002814,1,SKU-0033,3,123.36,34.85,24.84,360.07
CA-00002828,1,SKU-0019,1,43.43,2.26,2.14,43.31
CA-00002836,1,SKU-0036,1,293.43,9.20,16.64,300.87
CA-00002843,1,SKU-0060,1,252.12,27.97,15.92,240.07
CA-00002847,1,SKU-0005,1,102.91,9.75,5.24,98.40
CA-00002847,2,SKU-0118,1,220.06,22.36,11.55,209.25
CA-00002847,3,SKU-0020,1,215.91,2.05,18.79,232.65
CA-00002854,1,SKU-0031,1,348.62,5.60,30.02,373.04
CA-00002854,2,SKU-0114,1,231.15,8.30,20.01,242.86
CA-00002861,1,SKU-0119,1,267.03,28.41,19.98,258.60
CA-00002865,1,SKU-0025,1,124.79,11.21,4.89,118.47
CA-00002865,2,SKU-0078,1,160.98,8.54,9.17,161.61
CA-00002865,3,SKU-0116,2,426.15,36.94,52.58,867.94
CA-00002873,1,SKU-0088,2,131.37,28.69,18.04,252.09
CA-00002879,1,SKU-0102,2,21.08,4.84,2.57,39.89
CA-00002888,1,SKU-0120,3,263.90,1.14,40.40,830.96
CA-00002888,2,SKU-0016,1,129.53,12.94,10.04,126.63
CA-00002888,3,SKU-0115,1,255.97,25.30,16.88,247.55
CA-00002888,4,SKU-0101,2,175.01,26.62,22.53,345.93
CA-00002892,1,SKU-0023,1,166.34,1.40,10.23,175.17
CA-00002900,1,SKU-0097,1,156.37,9.49,13.06,159.94
CA-00002902,1,SKU-0076,2,101.91,14.60,16.23,205.45
CA-00002903,1,SKU-0077,4,276.67,89.63,86.37,1103.42
CA-00002903,2,SKU-0101,1,170.54,1.25,14.87,184.16
CA-00002910,1,SKU-0090,1,254.79,7.35,20.35,267.79
CA-00002914,1,SKU-0084,1,371.59,18.08,27.02,380.53
CA-00002914,2,SKU-0063,3,23.06,0.41,6.11,74.88
CA-00002914,3,SKU-0066,2,75.18,4.27,10.45,156.54
CA-00002927,1,SKU-0055,2,29.79,6.58,4.56,57.56
CA-00002927,2,SKU-0020,1,221.32,16.91,9.72,214.13
CA-00002927,3,SKU-0023,4,166.76,58.43,24.53,633.14
CA-00002927,4,SKU-0050,5,414.27,30.19,104.12,2145.28
CA-00002933,1,SKU-0092,1,14.90,0.59,1.17,15.48
CA-00002933,2,SKU-0014,3,376.88,36.79,73.34,1167.19
CA-00002933,3,SKU-0044,1,272.91,12.22,10.52,271.21
CA-00002937,1,SKU-0045,3,79.50,9.25,9.96,239.21
CA-00002937,2,SKU-0014,2,332.23,52.49,46.05,658.02
CA-00002941,1,SKU-0072,1,146.65,12.48,8.64,142.81
CA-00002957,1,SKU-0050,1,376.56,27.42,19.44,368.58
CA-00002958,1,SKU-0115,2,247.26,57.61,22.08,458.99
CA-00002970,1,SKU-0069,1,252.89,23.89,13.53,242.53
CA-00002970,2,SKU-0119,1,258.21,22.54,9.93,245.60
CA-00002970,3,SKU-0055,1,27.48,0.40,1.13,28.21
CA-00002978,1,SKU-0014,1,357.59,14.76,22.03,364.86
CA-00002979,1,SKU-0053,1,357.50,20.86,22.83,359.47
CA-00002992,1,SKU-0096,2,29.58,0.12,3.39,62.43
CA-00003008,1,SKU-0087,2,194.87,10.09,29.23,408.88
CA-00003008,2,SKU-0065,2,143.40,12.97,12.89,286.72
CA-00003020,1,SKU-0012,2,74.52,1.41,9.75,157.38
CA-00003020,2,SKU-0047,1,16.51,0.43,1.43,17.51
CA-00003025,1,SKU-0019,1,45.60,3.46,2.45,44.59
CA-00003025,2,SKU-0064,3,26.30,5.87,3.37,76.40
CA-00003025,3,SKU-0004,1,126.49,11.63,9.35,124.21
CA-00003026,1,SKU-0043,1,149.15,17.55,8.70,140.30
CA-00003026,2,SKU-0022,2,225.44,29.39,27.44,448.93
CA-00003029,1,SKU-0017,2,64.46,2.91,7.62,133.63
CA-00003029,2,SKU-0083,1,168.92,19.12,9.11,158.91
CA-00003035,1,SKU-0066,1,77.96,2.36,5.09,80.69
CA-00003043,1,SKU-0088,1,141.96,1.36,7.19,147.79
CA-00003053,1,SKU-0041,1,310.87,36.58,23.91,298.20
CA-00003057,1,SKU-0065,2,150.97,30.33,16.28,287.89
CA-00003057,2,SKU-0068,2,84.47,19.82,13.25,162.37
CA-00003073,1,SKU-0014,2,383.90,45.21,64.63,787.22
CA-00003073,2,SKU-0054,2,204.04,36.98,27.64,398.74
CA-00003073,3,SKU-0040,4,245.54,67.12,51.87,966.91
CA-00003077,1,SKU-0024,2,30.12,0.95,3.36,62.65
CA-00003089,1,SKU-0048,1,197.76,3.71,17.40,211.45
CA-00003089,2,SKU-0030,2,205.34,49.14,28.68,390.22
CA-00003101,1,SKU-0053,1,355.66,28.23,21.81,349.24
CA-00003101,2,SKU-0047,4,16.67,5.12,3.10,64.66
CA-00003121,1,SKU-0012,3,75.91,6.12,12.53,234.14
CA-00003129,1,SKU-0111,2,240.00,22.40,30.74,488.34
CA-00003135,1,SKU-0029,3,130.04,42.58,15.56,363.10
CA-00003135,2,SKU-0033,3,114.46,25.49,26.41,344.30
CA-00003151,1,SKU-0097,1,168.48,8.88,9.97,169.57
CA-00003158,1,SKU-0025,1,139.30,0.74,7.81,146.37
CA-00003158,2,SKU-0036,1,274.23,11.36,13.18,276.05
CA-00003158,3,SKU-0031,3,320.30,13.27,44.17,991.80
CA-00003159,1,SKU-0037,1,73.86,5.12,4.55,73.29
CA-00003159,2,SKU-0088,3,132.31,40.66,22.95,379.22
CA-00003159,3,SKU-0076,3,97.86,25.48,13.67,281.77
CA-00003159,4,SKU-0022,2,225.62,31.03,29.03,449.24
CA-00003165,1,SKU-0050,1,419.00,36.54,23.00,405.46
CA-00003165,2,SKU-0042,1,384.96,39.41,28.22,373.77
CA-00003165,3,SKU-0070,2,219.77,10.20,37.65,466.99
CA-00003165,4,SKU-0117,1,97.31,0.45,7.60,104.46
CA-00003172,1,SKU-0087,1,183.12,17.34,14.24,180.02
CA-00003172,2,SKU-0020,2,226.84,7.55,31.27,477.40
CA-00003172,3,SKU-0010,1,323.73,2.94,18.20,338.99
CA-00003172,4,SKU-0099,1,167.29,0.28,10.44,177.45
CA-00003172,5,SKU-0111,1,219.02,10.71,13.19,221.50
CA-00003187,1,SKU-0118,3,200.86,33.74,37.16,606.00
CA-00003187,2,SKU-0097,1,169.95,5.27,13.50,178.18
CA-00003187,3,SKU-0087,1,181.85,18.98,7.86,170.73
CA-00003189,1,SKU-0064,2,26.82,6.31,4.18,51.51
CA-00003189,2,SKU-0010,5,319.96,166.79,123.57,1556.58
CA-00003189,3,SKU-0111,1,228.11,21.36,12.91,219.66
CA-00003193,1,SKU-0042,3,409.99,52.23,53.33,1231.07
CA-00003193,2,SKU-0102,2,20.98,2.87,1.64,40.73
CA-00003193,3,SKU-0099,3,183.32,5.08,33.72,578.60
CA-00003193,4,SKU-0075,1,28.19,3.01,2.05,27.23
CA-00003197,1,SKU-0113,2,165.65,5.38,16.17,342.09
CA-00003207,1,SKU-0056,1,259.07,29.88,14.77,243.96
CA-00003207,2,SKU-0018,1,149.11,12.02,11.28,148.37
CA-00003207,3,SKU-0069,1,251.50,19.70,12.63,244.43
CA-00003223,1,SKU-0034,1,393.38,4.03,31.92,421.27
CA-00003262,1,SKU-0048,1,169.70,0.96,7.28,176.02
CA-00003266,1,SKU-0045,1,83.05,5.98,5.37,82.44
CA-00003276,1,SKU-0035,3,156.99,38.87,29.68,461.78
CA-00003276,2,SKU-0065,2,137.20,12.68,18.63,280.35
CA-00003276,3,SKU-0051,1,99.81,1.84,6.13,104.10
CA-00003276,4,SKU-0089,1,25.91,0.71,1.59,26.79
CA-00003287,1,SKU-0076,1,108.17,12.20,5.66,101.63
CA-00003287,2,SKU-0032,2,170.67,33.74,15.78,323.38
CA-00003293,1,SKU-0062,1,14.86,0.49,0.99,15.36
CA-00003299,1,SKU-0090,1,269.45,10.50,18.61,277.56
CA-00003300,1,SKU-0061,4,223.91,89.61,60.99,867.02
CA-00003300,2,SKU-0043,1,152.78,17.14,6.53,142.17
CA-00003300,3,SKU-0012,1,67.89,8.02,3.54,63.41
CA-00003303,1,SKU-0020,1,249.78,2.08,13.96,261.66
CA-00003303,2,SKU-0057,1,491.14,44.16,18.48,465.46
CA-00003303,3,SKU-0006,3,163.55,38.85,39.44,491.24
CA-00003308,1,SKU-0037,4,68.73,5.39,23.08,292.61
CA-00003326,1,SKU-0045,1,86.62,1.16,3.77,89.23
CA-00003326,2,SKU-0038,1,269.16,16.31,15.35,268.20
CA-00003326,3,SKU-0011,1,242.43,2.74,14.26,253.95
CA-00003326,4,SKU-0089,2,27.80,0.17,2.67,58.10
CA-00003326,5,SKU-0117,1,91.13,4.39,4.42,91.16
CA-00003331,1,SKU-0109,1,357.30,2.02,19.58,374.86
CA-00003334,1,SKU-0119,1,274.88,20.67,14.25,268.46
CA-00003345,1,SKU-0056,2,235.15,15.77,18.60,473.13
CA-00003353,1,SKU-0065,1,150.24,3.33,11.56,158.47
CA-00003354,1,SKU-0012,3,73.55,6.16,12.16,226.65
CA-00003354,2,SKU-0077,2,247.55,45.43,25.29,474.96
CA-00003354,3,SKU-0072,1,152.90,11.90,5.90,146.90
CA-00003354,4,SKU-0025,1,124.08,6.13,6.99,124.94
CA-00003354,5,SKU-0003,2,32.90,2.61,5.61,68.80
CA-00003358,1,SKU-0037,1,67.40,4.70,5.08,67.78
CA-00003358,2,SKU-0071,1,305.25,14.01,14.30,305.54
CA-00003358,3,SKU-0001,1,378.46,24.60,28.19,382.05
CA-00003359,1,SKU-0032,1,184.73,18.77,12.64,178.60
CA-00003359,2,SKU-0064,1,24.32,2.76,1.02,22.58
CA-00003361,1,SKU-0044,2,234.16,9.24,28.77,487.85
CA-00003361,2,SKU-0102,4,18.50,5.05,4.49,73.44
CA-00003361,3,SKU-0109,4,389.65,96.09,91.74,1554.25
CA-00003368,1,SKU-0094,1,306.08,21.04,16.67,301.71
CA-00003368,2,SKU-0082,1,256.11,27.63,19.54,248.02
CA-00003368,3,SKU-0091,1,168.59,1.08,11.07,178.58
CA-00003371,1,SKU-0091,2,168.35,6.34,20.44,350.80
CA-00003371,2,SKU-0007,2,258.56,1.80,27.74,543.06
CA-00003384,1,SKU-0011,1,256.44,18.44,14.99,252.99
CA-00003384,2,SKU-0089,1,24.57,2.16,1.55,23.96
CA-00003384,3,SKU-0006,1,175.81,13.15,6.98,169.64
CA-00003391,1,SKU-0109,1,352.04,37.59,21.97,336.42
CA-00003394,1,SKU-0075,2,26.59,5.16,2.02,50.04
CA-00003396,1,SKU-0103,2,355.02,12.02,45.70,743.72
CA-00003396,2,SKU-0041,2,348.20,16.42,60.79,740.77
CA-00003396,3,SKU-0054,1,236.26,17.06,16.12,235.32
CA-00003396,4,SKU-0090,3,257.20,47.30,52.76,777.06
CA-00003396,5,SKU-0083,1,183.01,15.54,12.89,180.36
CA-00003413,1,SKU-0021,2,111.37,19.60,8.96,212.10
CA-00003413,2,SKU-0023,1,178.11,8.41,6.98,176.68
CA-00003418,1,SKU-0009,2,178.20,8.78,25.28,372.90
CA-00003425,1,SKU-0080,1,94.98,6.93,4.51,92.56
CA-00003425,2,SKU-0024,1,35.20,0.95,1.42,35.67
CA-00003425,3,SKU-0102,1,20.44,0.78,1.76,21.42
CA-00003425,4,SKU-0059,2,117.71,27.65,17.29,225.06
CA-00003425,5,SKU-0063,3,24.87,7.65,5.47,72.43
CA-00003429,1,SKU-0079,2,36.40,3.01,3.08,72.87
CA-00003438,1,SKU-0036,1,306.29,6.67,22.85,322.47
CA-00003438,2,SKU-0040,2,249.66,54.13,26.98,472.17
CA-00003439,1,SKU-0032,2,182.79,8.58,31.29,388.29
CA-00003439,2,SKU-0042,1,417.11,0.41,21.34,438.04
CA-00003442,1,SKU-0089,1,24.67,1.23,1.30,24.74
CA-00003449,1,SKU-0107,1,396.04,1.06,28.78,423.76
CA-00003449,2,SKU-0052,1,287.91,9.55,21.47,299.83
CA-00003450,1,SKU-0036,1,284.19,31.31,17.25,270.13
CA-00003451,1,SKU-0049,1,224.55,22.43,10.92,213.04
CA-00003451,2,SKU-0114,1,226.74,11.61,18.44,233.57
CA-00003452,1,SKU-0065,1,147.05,9.00,12.19,150.24
CA-00003455,1,SKU-0110,1,65.15,6.26,4.16,63.05
CA-00003483,1,SKU-0087,1,187.50,19.44,9.33,177.39
CA-00003489,1,SKU-0088,1,127.08,4.00,5.34,128.42
CA-00003490,1,SKU-0067,1,53.59,3.77,4.15,53.97
CA-00003490,2,SKU-0090,2,274.86,39.73,41.48,551.47
CA-00003493,1,SKU-0075,1,25.97,0.33,1.47,27.11
CA-00003496,1,SKU-0055,1,28.59,2.71,1.25,27.13
CA-00003500,1,SKU-0064,3,27.51,1.03,6.63,88.13
CA-00003500,2,SKU-0077,1,261.68,23.23,21.37,259.82
CA-00003510,1,SKU-0056,1,258.03,20.97,13.17,250.23
CA-00003510,2,SKU-0037,2,69.96,1.01,5.75,144.66
CA-00003510,3,SKU-0119,1,265.52,11.35,15.92,270.09
CA-00003512,1,SKU-0013,1,297.05,26.13,23.52,294.44
CA-00003513,1,SKU-0054,2,220.11,18.50,34.22,455.94
CA-00003513,2,SKU-0091,3,168.33,32.32,39.25,511.92
CA-00003516,1,SKU-0089,2,24.72,0.85,2.96,51.55
CA-00003516,2,SKU-0095,1,69.25,6.54,3.76,66.47
CA-00003517,1,SKU-0033,1,109.55,3.91,5.37,111.01
CA-00003530,1,SKU-0052,1,281.10,6.74,18.92,293.28
CA-00003530,2,SKU-0109,4,391.95,170.46,74.47,1471.81
CA-00003538,1,SKU-0016,3,115.62,17.13,14.88,344.61
CA-00003538,2,SKU-0076,3,100.90,19.40,11.53,294.83
CA-00003541,1,SKU-0060,1,256.91,6.34,13.70,264.27
CA-00003541,2,SKU-0014,1,349.54,5.63,27.17,371.08
CA-00003541,3,SKU-0022,1,223.00,8.23,14.42,229.19
CA-00003545,1,SKU-0117,1,97.65,9.92,3.52,91.25
CA-00003545,2,SKU-0020,4,212.30,41.27,57.55,865.48
CA-00003545,3,SKU-0064,2,25.06,3.76,2.44,48.80
CA-00003545,4,SKU-0094,2,301.24,45.27,49.12,606.33
CA-00003550,1,SKU-0042,1,382.95,37.72,24.38,369.61
CA-00003550,2,SKU-0086,4,20.54,6.30,6.64,82.50
CA-00003556,1,SKU-0067,2,56.52,13.44,7.01,106.61
CA-00003556,2,SKU-0086,1,20.66,1.88,1.21,19.99
CA-00003571,1,SKU-0118,1,229.02,16.23,12.71,225.50
CA-00003571,2,SKU-0116,1,438.73,47.07,28.32,419.98
CA-00003577,1,SKU-0061,1,211.16,3.48,12.57,220.25
CA-00003581,1,SKU-0076,5,110.25,17.34,35.90,569.81
CA-00003581,2,SKU-0062,2,14.78,3.31,2.03,28.28
CA-00003587,1,SKU-0020,2,216.84,27.05,27.82,434.45
CA-00003588,1,SKU-0024,1,33.83,0.10,1.38,35.11
CA-00003588,2,SKU-0029,2,128.78,18.22,17.92,257.26
CA-00003590,1,SKU-0056,4,258.21,12.83,91.05,1111.06
CA-00003592,1,SKU-0084,1,356.14,35.29,13.91,334.76
CA-00003592,2,SKU-0056,1,231.61,21.44,14.06,224.23
CA-00003592,3,SKU-0079,1,37.28,3.36,1.71,35.63
CA-00003593,1,SKU-0079,2,37.60,8.56,5.04,71.68
CA-00003593,2,SKU-0039,1,92.70,7.16,6.86,92.40
CA-00003595,1,SKU-0094,1,293.57,6.19,15.74,303.12
CA-00003595,2,SKU-0022,1,211.56,2.54,18.01,227.03
CA-00003612,1,SKU-0077,1,271.71,17.51,19.94,274.14
CA-00003612,2,SKU-0080,3,97.63,35.14,10.72,268.47
CA-00003612,3,SKU-0025,5,139.47,81.82,44.91,660.44
CA-00003614,1,SKU-0048,1,180.38,4.63,13.00,188.75
CA-00003619,1,SKU-0028,1,83.06,0.33,3.95,86.68
CA-00003619,2,SKU-0042,2,405.87,66.33,39.91,785.32
CA-00003619,3,SKU-0086,1,22.29,0.44,1.05,22.90
CA-00003621,1,SKU-0021,2,124.56,3.95,20.83,266.00
CA-00003628,1,SKU-0047,1,17.13,0.19,0.94,17.88
CA-00003628,2,SKU-0091,1,169.74,10.69,9.17,168.22
CA-00003648,1,SKU-0050,1,383.68,27.33,15.68,372.03
CA-00003648,2,SKU-0020,1,212.96,14.79,16.30,214.47
CA-00003652,1,SKU-0112,1,229.08,6.39,10.26,232.95
CA-00003652,2,SKU-0022,1,208.54,3.46,11.87,216.95
CA-00003652,3,SKU-0025,1,132.33,7.98,6.16,130.51
CA-00003656,1,SKU-0072,2,158.29,0.53,24.84,340.89
CA-00003660,1,SKU-0018,1,146.83,8.50,11.86,150.19
CA-00003660,2,SKU-0101,2,164.60,12.57,18.04,334.67
CA-00003660,3,SKU-0050,2,363.60,17.16,47.98,758.02
CA-00003661,1,SKU-0100,1,254.30,7.85,11.63,258.08
CA-00003661,2,SKU-0092,1,14.98,0.08,0.83,15.73
CA-00003661,3,SKU-0018,1,153.69,17.50,7.71,143.90
CA-00003675,1,SKU-0095,4,72.19,8.46,14.92,295.22
CA-00003675,2,SKU-0084,1,394.80,25.18,20.34,389.96
CA-00003687,1,SKU-0023,1,175.42,0.14,11.41,186.69
CA-00003687,2,SKU-0067,2,56.09,8.30,8.64,112.52
CA-00003687,3,SKU-0011,1,254.68,19.02,16.14,251.80
CA-00003687,4,SKU-0109,4,402.56,112.64,116.41,1614.01
CA-00003687,5,SKU-0107,1,335.68,20.19,20.49,335.98
CA-00003689,1,SKU-0032,1,180.86,20.04,11.79,172.61
CA-00003689,2,SKU-0057,1,424.76,8.73,19.54,435.57
CA-00003690,1,SKU-0067,1,54.66,6.52,2.64,50.78
CA-00003690,2,SKU-0117,1,99.58,11.69,5.48,93.37
CA-00003690,3,SKU-0049,3,222.31,11.87,34.59,689.65
CA-00003696,1,SKU-0077,1,263.80,25.35,11.74,250.19
CA-00003696,2,SKU-0032,1,181.13,20.72,12.34,172.75
CA-00003696,3,SKU-0085,1,151.99,12.41,5.92,145.50
CA-00003696,4,SKU-0044,1,244.89,15.36,20.12,249.65
CA-00003698,1,SKU-0018,1,161.99,1.15,7.07,167.91
CA-00003698,2,SKU-0096,2,33.52,2.77,2.91,67.18
CA-00003701,1,SKU-0119,1,249.41,29.15,10.62,230.88
CA-00003701,2,SKU-0024,1,31.21,3.46,1.55,29.30
CA-00003701,3,SKU-0082,2,268.58,21.62,38.14,553.68
CA-00003703,1,SKU-0108,2,143.16,33.39,16.21,269.14
CA-00003703,2,SKU-0078,1,158.46,11.66,8.49,155.29
CA-00003712,1,SKU-0047,1,16.14,1.14,0.96,15.96
CA-00003712,2,SKU-0058,1,260.28,14.96,16.69,262.01
CA-00003712,3,SKU-0064,1,23.22,0.83,1.91,24.30
CA-00003717,1,SKU-0107,2,356.28,36.48,34.33,710.41
CA-00003721,1,SKU-0107,1,377.57,15.36,22.06,384.27
CA-00003721,2,SKU-0068,3,75.17,23.34,10.86,213.03
CA-00003721,3,SKU-0103,3,352.01,121.14,62.99,997.88
CA-00003721,4,SKU-0024,1,35.08,1.03,2.15,36.20
CA-00003723,1,SKU-0024,3,31.77,0.60,6.87,101.58
CA-00003723,2,SKU-0052,1,268.44,4.17,16.75,281.02
CA-00003723,3,SKU-0001,1,383.23,17.35,29.36,395.24
CA-00003749,1,SKU-0102,1,18.79,1.00,0.78,18.57
CA-00003761,1,SKU-0010,1,301.29,27.40,18.23,292.12
CA-00003775,1,SKU-0035,2,152.89,17.72,13.33,301.39
CA-00003775,2,SKU-0050,1,380.20,13.93,20.84,387.11
CA-00003775,3,SKU-0008,1,47.31,4.96,2.21,44.56
CA-00003779,1,SKU-0087,1,197.28,20.05,12.05,189.28
CA-00003779,2,SKU-0028,1,84.84,2.29,6.88,89.43
CA-00003779,3,SKU-0063,1,23.39,2.73,0.94,21.60
CA-00003779,4,SKU-0045,3,91.34,15.72,14.84,273.14
CA-00003784,1,SKU-0080,1,98.37,4.68,5.59,99.28
CA-00003784,2,SKU-0007,1,258.71,8.66,19.86,269.91
CA-00003790,1,SKU-0011,2,255.62,35.81,19.94,495.37
CA-00003790,2,SKU-0073,1,127.27,5.95,6.66,127.98
CA-00003790,3,SKU-0095,1,68.01,6.34,2.94,64.61
CA-00003790,4,SKU-0063,1,22.82,2.15,1.30,21.97
CA-00003793,1,SKU-0050,1,414.25,2.99,35.45,446.71
CA-00003794,1,SKU-0049,1,240.32,20.70,18.44,238.06
CA-00003794,2,SKU-0024,1,31.28,1.28,1.94,31.94
CA-00003795,1,SKU-0017,1,65.95,2.89,3.82,66.88
CA-00003795,2,SKU-0071,2,300.08,16.04,36.05,620.17
CA-00003804,1,SKU-0027,1,71.26,7.06,3.49,67.69
CA-00003804,2,SKU-0053,2,386.27,44.61,43.94,771.87
CA-00003810,1,SKU-0014,2,373.81,37.26,47.37,757.73
CA-00003832,1,SKU-0043,1,145.76,4.66,9.97,151.07
CA-00003832,2,SKU-0099,1,183.88,21.06,6.95,169.77
CA-00003832,3,SKU-0068,1,77.37,6.14,5.27,76.50
CA-00003838,1,SKU-0098,2,323.67,60.62,31.34,618.06
CA-00003838,2,SKU-0001,2,389.49,24.68,59.07,813.37
CA-00003838,3,SKU-0014,4,386.74,65.19,123.72,1605.49
CA-00003838,4,SKU-0111,1,240.81,26.93,11.37,225.25
CA-00003843,1,SKU-0076,4,97.32,6.13,20.27,403.42
CA-00003843,2,SKU-0101,2,171.19,35.78,24.12,330.72
CA-00003843,3,SKU-0021,2,127.01,28.69,18.46,243.79
CA-00003843,4,SKU-0097,3,177.45,36.46,44.17,540.06
CA-00003856,1,SKU-0117,2,106.45,24.12,7.63,196.41
CA-00003858,1,SKU-0091,2,158.89,20.47,26.32,323.63
CA-00003858,2,SKU-0061,3,210.04,43.05,29.41,616.48
CA-00003863,1,SKU-0067,1,52.72,2.58,3.76,53.90
CA-00003869,1,SKU-0088,1,126.50,3.53,7.43,130.40
CA-00003873,1,SKU-0020,3,244.26,1.43,48.57,779.92
CA-00003874,1,SKU-0032,2,183.73,36.65,27.38,358.19
CA-00003874,2,SKU-0093,2,304.98,58.61,39.42,590.77
CA-00003881,1,SKU-0054,2,204.47,38.03,29.77,400.68
CA-00003881,2,SKU-0084,1,380.65,2.38,22.06,400.33
CA-00003881,3,SKU-0006,1,176.10,6.11,10.48,180.47
CA-00003887,1,SKU-0091,2,159.77,36.37,11.43,294.60
CA-00003887,2,SKU-0082,1,288.60,10.87,14.39,292.12
CA-00003895,1,SKU-0049,2,233.71,47.47,33.27,453.22
CA-00003895,2,SKU-0023,1,161.81,0.80,11.58,172.59
CA-00003907,1,SKU-0069,2,237.05,38.56,17.69,453.23
CA-00003907,2,SKU-0076,1,109.40,8.19,5.73,106.94
CA-00003908,1,SKU-0037,1,73.54,0.05,5.82,79.31
CA-00003910,1,SKU-0036,1,282.80,32.69,17.67,267.78
CA-00003912,1,SKU-0011,2,269.40,18.82,32.94,552.92
CA-00003913,1,SKU-0048,2,182.25,6.73,24.47,382.24
CA-00003913,2,SKU-0072,3,147.08,32.15,23.11,432.20
CA-00003929,1,SKU-0104,1,215.98,5.84,17.67,227.81
CA-00003929,2,SKU-0019,1,43.49,3.93,1.78,41.34
CA-00003929,3,SKU-0081,2,48.34,10.15,6.60,93.13
CA-00003929,4,SKU-0005,2,95.83,17.58,13.03,187.11
CA-00003929,5,SKU-0008,2,41.36,3.31,6.27,85.68
CA-00003932,1,SKU-0070,1,228.29,9.00,14.93,234.22
CA-00003932,2,SKU-0056,1,229.13,0.63,13.37,241.87
CA-00003932,3,SKU-0106,1,89.91,6.10,5.77,89.58
CA-00003933,1,SKU-0069,2,215.16,38.66,27.75,419.41
CA-00003938,1,SKU-0075,1,28.15,3.02,1.52,26.65
CA-00003939,1,SKU-0058,2,288.25,49.10,27.19,554.59
CA-00003939,2,SKU-0105,1,115.75,1.89,6.48,120.34
CA-00003939,3,SKU-0007,1,241.37,11.86,12.96,242.47
CA-00003939,4,SKU-0026,2,280.76,37.63,46.20,570.09
CA-00003959,1,SKU-0029,3,141.27,29.87,33.57,427.51
CA-00003959,2,SKU-0049,1,228.49,0.63,19.47,247.33
CA-00003959,3,SKU-0077,1,278.44,22.05,20.78,277.17
CA-00003960,1,SKU-0052,1,262.45,20.77,13.89,255.57
CA-00003968,1,SKU-0047,3,14.69,1.29,1.79,44.57
CA-00003968,2,SKU-0039,4,90.58,25.22,26.06,363.16
CA-00003973,1,SKU-0058,1,266.84,30.78,11.08,247.14
CA-00003973,2,SKU-0022,2,201.01,43.13,30.69,389.58
CA-00003975,1,SKU-0109,2,379.58,48.60,39.93,750.49
CA-00003975,2,SKU-0080,3,90.47,28.56,10.75,253.60
CA-00003976,1,SKU-0041,1,328.26,7.12,27.47,348.61
CA-00003976,2,SKU-0119,2,276.64,54.48,22.64,521.44
CA-00003980,1,SKU-0061,1,193.82,15.93,12.33,190.22
CA-00003981,1,SKU-0108,1,156.00,10.75,8.17,153.42
CA-00003982,1,SKU-0109,1,364.72,26.80,19.32,357.24
CA-00003982,2,SKU-0059,3,126.56,31.05,25.09,373.72
CA-00003989,1,SKU-0112,1,206.55,20.40,12.22,198.37
CA-00003995,1,SKU-0064,4,25.30,3.66,7.24,104.78
CA-00003996,1,SKU-0048,5,189.08,3.35,60.37,1002.42
CA-00003997,1,SKU-0073,2,120.21,13.97,13.49,239.94
CA-00004007,1,SKU-0050,2,396.05,72.03,39.13,759.20
CA-00004014,1,SKU-0058,1,288.12,0.55,23.40,310.97
CA-00004014,2,SKU-0011,1,267.69,17.89,18.85,268.65
CA-00004014,3,SKU-0025,2,122.48,12.48,13.46,245.94
CA-00004014,4,SKU-0031,1,346.55,31.16,15.88,331.27
CA-00004014,5,SKU-0084,4,336.61,92.92,63.76,1317.28
CA-00004015,1,SKU-0045,2,89.45,2.80,10.95,187.05
CA-00004017,1,SKU-0064,1,23.85,0.32,2.02,25.55
CA-00004017,2,SKU-0087,1,199.37,7.06,13.60,205.91
CA-00004027,1,SKU-0096,1,28.82,1.71,1.63,28.74
CA-00004027,2,SKU-0034,1,351.86,23.48,15.38,343.76
CA-00004027,3,SKU-0020,2,244.30,38.08,25.23,475.75
CA-00004028,1,SKU-0117,1,94.84,1.70,6.17,99.31
CA-00004028,2,SKU-0104,1,188.11,19.16,13.42,182.37
CA-00004036,1,SKU-0019,2,49.62,3.86,5.52,100.90
CA-00004037,1,SKU-0119,2,267.22,23.41,38.07,549.10
CA-00004037,2,SKU-0014,1,380.39,0.31,33.03,413.11
CA-00004047,1,SKU-0031,2,326.57,15.90,54.81,692.05
CA-00004047,2,SKU-0101,1,164.51,17.34,12.17,159.34
CA-00004047,3,SKU-0011,1,274.05,12.47,20.80,282.38
CA-00004051,1,SKU-0089,1,28.06,0.12,1.34,29.28
CA-00004057,1,SKU-0108,1,150.27,17.09,6.89,140.07
CA-00004057,2,SKU-0023,1,164.03,7.27,9.14,165.90
CA-00004057,3,SKU-0049,1,204.82,8.63,17.60,213.79
CA-00004057,4,SKU-0054,1,221.92,14.87,18.60,225.65
CA-00004068,1,SKU-0033,2,105.67,6.52,14.22,219.04
CA-00004068,2,SKU-0008,1,44.25,2.70,2.77,44.32
CA-00004077,1,SKU-0004,4,118.37,20.98,33.52,486.02
CA-00004082,1,SKU-0080,1,86.68,1.15,3.45,88.98
CA-00004089,1,SKU-0055,2,29.28,2.94,3.14,58.76
CA-00004103,1,SKU-0030,2,217.17,26.21,17.59,425.72
CA-00004103,2,SKU-0019,2,49.13,10.27,7.62,95.61
CA-00004113,1,SKU-0036,1,304.46,7.26,15.24,312.44
CA-00004124,1,SKU-0116,1,409.22,45.31,29.84,393.75
CA-00004124,2,SKU-0106,2,96.00,7.10,10.87,195.77
CA-00004125,1,SKU-0091,1,186.00,1.95,15.60,199.65
CA-00004125,2,SKU-0055,1,28.57,2.06,2.25,28.76
CA-00004125,3,SKU-0093,2,270.81,59.00,33.51,516.13
CA-00004131,1,SKU-0096,1,31.46,0.60,1.96,32.82
CA-00004131,2,SKU-0035,1,145.98,16.50,6.45,135.93
CA-00004131,3,SKU-0056,1,255.42,28.28,19.89,247.03
CA-00004133,1,SKU-0048,2,185.79,0.78,18.72,389.52
CA-00004133,2,SKU-0028,1,74.16,8.10,4.58,70.64
CA-00004133,3,SKU-0047,3,16.44,2.38,3.43,50.37
CA-00004149,1,SKU-0101,3,163.20,9.29,26.83,507.14
CA-00004149,2,SKU-0023,1,163.37,11.41,9.31,161.27
CA-00004160,1,SKU-0010,1,318.51,3.34,19.54,334.71
CA-00004160,2,SKU-0004,1,131.63,4.58,10.26,137.31
CA-00004160,3,SKU-0042,1,401.26,36.47,29.82,394.61
CA-00004160,4,SKU-0051,1,92.33,11.05,3.83,85.11
CA-00004172,1,SKU-0053,1,337.02,20.90,16.92,333.04
CA-00004193,1,SKU-0114,1,229.65,9.04,17.70,238.31
CA-00004193,2,SKU-0024,3,30.39,0.81,4.06,94.42
CA-00004193,3,SKU-0095,1,67.50,5.44,5.23,67.29
CA-00004194,1,SKU-0087,1,193.91,16.29,13.85,191.47
CA-00004194,2,SKU-0034,1,349.09,34.52,17.89,332.46
CA-00004194,3,SKU-0108,2,155.54,29.27,17.12,298.93
CA-00004204,1,SKU-0061,1,209.22,24.73,11.72,196.21
CA-00004204,2,SKU-0029,1,129.91,4.22,10.62,136.31
CA-00004204,3,SKU-0062,1,14.54,1.29,0.72,13.97
CA-00004210,1,SKU-0091,1,170.29,14.09,7.57,163.77
CA-00004210,2,SKU-0110,1,69.83,1.41,3.06,71.48
CA-00004223,1,SKU-0059,2,118.25,22.37,17.21,231.34
CA-00004223,2,SKU-0002,2,153.18,31.60,11.26,286.02
CA-00004224,1,SKU-0025,1,123.08,9.03,6.75,120.80
CA-00004230,1,SKU-0070,4,250.37,86.40,64.01,979.09
CA-00004237,1,SKU-0064,1,27.26,2.51,1.55,26.30
CA-00004237,2,SKU-0083,1,167.36,17.39,12.21,162.18
CA-00004237,3,SKU-0105,1,107.47,3.02,8.63,113.08
CA-00004237,4,SKU-0055,1,32.51,3.37,1.26,30.40
CA-00004240,1,SKU-0008,1,41.03,4.10,1.81,38.74
CA-00004240,2,SKU-0065,2,144.14,0.87,22.22,309.63
CA-00004240,3,SKU-0024,1,34.85,0.15,1.55,36.25
CA-00004245,1,SKU-0044,4,278.42,35.24,43.59,1122.03
CA-00004245,2,SKU-0103,2,355.13,39.48,32.23,703.01
CA-00004245,3,SKU-0045,1,80.33,7.95,5.48,77.86
CA-00004245,4,SKU-0039,1,102.00,6.77,6.42,101.65
CA-00004259,1,SKU-0006,3,167.82,30.84,19.36,491.98
CA-00004263,1,SKU-0090,2,284.98,10.33,41.06,600.69
CA-00004263,2,SKU-0027,1,70.11,0.54,4.88,74.45
CA-00004263,3,SKU-0041,1,352.13,39.37,17.54,330.30
CA-00004284,1,SKU-0077,1,286.12,24.03,17.50,279.59
CA-00004284,2,SKU-0038,3,268.88,77.27,56.80,786.17
CA-00004284,3,SKU-0107,2,336.97,72.93,50.05,651.06
CA-00004284,4,SKU-0080,1,87.70,3.17,3.92,88.45
CA-00004285,1,SKU-0025,1,135.12,14.75,4.90,125.27
CA-00004292,1,SKU-0039,1,88.72,6.98,5.57,87.31
CA-00004295,1,SKU-0021,2,126.16,5.80,18.68,265.20
CA-00004295,2,SKU-0023,1,176.53,4.80,7.25,178.98
CA-00004295,3,SKU-0108,2,156.30,0.57,22.32,334.35
CA-00004295,4,SKU-0107,1,398.82,47.52,29.01,380.31
CA-00004300,1,SKU-0079,1,32.08,2.19,1.38,31.27
CA-00004302,1,SKU-0080,2,83.20,7.63,6.56,165.33
CA-00004309,1,SKU-0077,1,263.59,13.78,10.37,260.18
CA-00004309,2,SKU-0027,2,63.46,1.52,5.12,130.52
CA-00004314,1,SKU-0038,2,254.78,42.41,19.47,486.62
CA-00004332,1,SKU-0047,1,15.71,0.94,1.14,15.91
CA-00004332,2,SKU-0118,2,213.91,37.97,20.42,410.27
CA-00004332,3,SKU-0095,1,71.63,0.26,3.27,74.64
CA-00004332,4,SKU-0001,2,355.63,9.72,31.55,733.09
CA-00004332,5,SKU-0002,2,156.35,35.34,15.34,292.70
CA-00004334,1,SKU-0034,2,371.77,79.27,59.13,723.40
CA-00004336,1,SKU-0066,1,71.21,6.90,4.81,69.12
CA-00004336,2,SKU-0028,2,82.20,3.38,13.44,174.46
CA-00004342,1,SKU-0058,1,248.43,3.90,16.37,260.90
CA-00004348,1,SKU-0017,1,69.44,2.35,3.13,70.22
CA-00004348,2,SKU-0102,2,21.00,1.40,2.03,42.63
CA-00004348,3,SKU-0056,3,256.43,0.07,59.01,828.23
CA-00004349,1,SKU-0001,1,346.92,28.10,14.97,333.79
CA-00004362,1,SKU-0096,2,28.70,6.77,3.43,54.06
CA-00004368,1,SKU-0020,1,248.01,25.97,11.41,233.45
CA-00004372,1,SKU-0043,2,159.47,21.52,19.24,316.66
CA-00004372,2,SKU-0107,1,343.08,26.11,26.62,343.59
CA-00004375,1,SKU-0052,1,287.44,30.74,12.34,269.04
CA-00004375,2,SKU-0062,1,14.37,1.46,1.11,14.02
CA-00004381,1,SKU-0032,1,198.88,19.60,9.12,188.40
CA-00004386,1,SKU-0014,1,367.20,36.15,23.31,354.36
CA-00004398,1,SKU-0001,1,379.55,17.46,32.04,394.13
CA-00004398,2,SKU-0081,2,44.20,0.45,5.92,93.87
CA-00004399,1,SKU-0021,1,123.74,11.48,7.75,120.01
CA-00004400,1,SKU-0117,3,101.83,4.99,24.51,325.01
CA-00004400,2,SKU-0099,1,184.82,10.88,11.01,184.95
CA-00004400,3,SKU-0092,1,17.58,0.95,1.23,17.86
CA-00004405,1,SKU-0011,3,261.14,13.28,53.72,823.86
CA-00004409,1,SKU-0007,2,254.44,33.58,39.99,515.29
CA-00004412,1,SKU-0091,2,170.57,26.89,22.30,336.55
CA-00004412,2,SKU-0029,1,123.57,9.27,8.07,122.37
CA-00004412,3,SKU-0114,2,234.39,32.62,34.55,470.71
CA-00004414,1,SKU-0040,1,242.02,6.36,19.23,254.89
CA-00004414,2,SKU-0009,1,176.25,19.08,6.44,163.61
CA-00004428,1,SKU-0092,4,15.37,5.89,3.52,59.11
CA-00004428,2,SKU-0008,1,41.95,0.96,2.31,43.30
CA-00004428,3,SKU-0112,1,201.67,7.94,9.38,203.11
CA-00004429,1,SKU-0089,3,26.94,5.53,3.75,79.04
CA-00004429,2,SKU-0075,1,27.53,1.88,1.61,27.26
CA-00004436,1,SKU-0078,1,171.04,0.55,6.93,177.42
CA-00004437,1,SKU-0093,2,300.06,59.49,26.13,566.76
CA-00004437,2,SKU-0069,2,236.58,25.10,23.59,471.65
CA-00004437,3,SKU-0084,1,336.74,28.64,23.02,331.12
CA-00004444,1,SKU-0086,2,21.90,1.91,2.64,44.53
CA-00004446,1,SKU-0001,1,369.67,41.93,24.17,351.91
CA-00004448,1,SKU-0117,1,97.06,6.06,6.15,97.15
CA-00004448,2,SKU-0069,1,222.80,16.67,9.98,216.11
CA-00004448,3,SKU-0078,1,160.97,3.16,8.80,166.61
CA-00004452,1,SKU-0116,2,380.57,66.24,31.42,726.32
CA-00004452,2,SKU-0046,1,150.94,3.07,7.92,155.79
CA-00004454,1,SKU-0070,1,224.85,7.79,14.02,231.08
CA-00004455,1,SKU-0110,1,65.99,4.59,4.49,65.89
CA-00004464,1,SKU-0118,1,204.09,18.90,15.97,201.16
CA-00004464,2,SKU-0003,2,36.22,0.36,3.00,75.08
CA-00004464,3,SKU-0096,1,33.60,2.78,1.68,32.50
CA-00004475,1,SKU-0084,1,383.77,0.05,17.47,401.19
CA-00004488,1,SKU-0047,1,14.87,0.25,0.88,15.50
CA-00004488,2,SKU-0048,1,191.77,19.74,13.63,185.66
CA-00004494,1,SKU-0019,3,42.44,11.00,9.25,125.57
CA-00004497,1,SKU-0002,1,134.23,6.02,7.79,136.00
CA-00004498,1,SKU-0064,2,26.50,5.31,2.60,50.29
CA-00004502,1,SKU-0072,1,169.80,2.81,10.25,177.24
CA-00004507,1,SKU-0058,1,289.36,33.47,13.97,269.86
CA-00004510,1,SKU-0117,3,98.44,7.14,23.10,311.28
CA-00004510,2,SKU-0010,2,308.03,36.19,31.23,611.10
CA-00004519,1,SKU-0046,2,143.47,31.15,13.55,269.34
CA-00004519,2,SKU-0040,1,251.71,3.38,19.69,268.02
CA-00004519,3,SKU-0011,1,283.20,32.29,21.62,272.53
CA-00004541,1,SKU-0046,2,143.44,14.61,11.91,284.18
CA-00004541,2,SKU-0109,1,407.66,13.12,26.93,421.47
CA-00004543,1,SKU-0079,2,32.89,0.32,4.17,69.63
CA-00004548,1,SKU-0056,1,264.59,26.09,14.04,252.54
CA-00004553,1,SKU-0053,1,331.44,31.79,15.31,314.96
CA-00004556,1,SKU-0031,2,304.97,36.04,43.45,617.35
CA-00004560,1,SKU-0001,1,347.03,8.12,23.94,362.85
CA-00004560,2,SKU-0041,1,327.47,19.99,13.04,320.52
CA-00004570,1,SKU-0028,1,75.50,7.77,5.61,73.34
CA-00004573,1,SKU-0053,1,385.49,34.63,25.95,376.81
CA-00004573,2,SKU-0012,2,69.78,4.33,7.83,143.06
CA-00004573,3,SKU-0096,1,31.45,0.95,1.41,31.91
CA-00004577,1,SKU-0107,1,390.60,43.29,15.47,362.78
CA-00004577,2,SKU-0013,1,282.10,25.95,13.83,269.98
CA-00004581,1,SKU-0009,2,182.61,12.96,16.00,368.26
CA-00004581,2,SKU-0057,3,481.14,66.43,98.65,1475.64
CA-00004582,1,SKU-0095,1,63.82,1.15,3.66,66.33
CA-00004583,1,SKU-0030,2,212.42,29.07,30.24,426.01
CA-00004604,1,SKU-0072,1,151.26,11.29,10.97,150.94
CA-00004604,2,SKU-0069,1,232.91,11.67,17.85,239.09
CA-00004604,3,SKU-0115,2,264.54,9.99,32.96,552.05
CA-00004604,4,SKU-0091,1,179.34,19.50,11.01,170.85
CA-00004605,1,SKU-0044,2,250.62,49.41,39.21,491.04
CA-00004605,2,SKU-0066,2,75.31,14.41,7.44,143.65
CA-00004606,1,SKU-0040,1,238.09,10.53,18.18,245.74
CA-00004606,2,SKU-0017,1,74.42,6.49,4.35,72.28
CA-00004606,3,SKU-0061,2,191.95,42.32,29.44,371.02
CA-00004611,1,SKU-0103,1,350.97,25.03,27.39,353.33
CA-00004611,2,SKU-0097,1,168.99,6.83,13.13,175.29
CA-00004613,1,SKU-0046,1,143.54,10.26,11.64,144.92
CA-00004614,1,SKU-0097,2,163.37,2.62,20.66,344.78
CA-00004614,2,SKU-0105,2,106.48,19.80,12.50,205.66
CA-00004631,1,SKU-0025,2,123.54,1.07,17.54,263.55
CA-00004631,2,SKU-0014,1,331.46,8.70,15.69,338.45
CA-00004633,1,SKU-0017,2,69.35,4.67,9.77,143.80
CA-00004633,2,SKU-0029,1,142.59,10.28,9.55,141.86
CA-00004633,3,SKU-0038,3,249.58,65.77,33.14,716.11
CA-00004637,1,SKU-0050,4,415.52,68.36,86.24,1679.96
CA-00004637,2,SKU-0084,1,389.86,1.78,20.64,408.72
CA-00004641,1,SKU-0096,2,29.55,6.75,3.23,55.58
CA-00004645,1,SKU-0002,1,152.35,15.74,9.61,146.22
CA-00004662,1,SKU-0027,1,63.77,1.01,5.48,68.24
CA-00004662,2,SKU-0040,3,225.28,8.03,56.21,724.02
CA-00004669,1,SKU-0113,2,150.51,4.21,25.60,322.41
CA-00004669,2,SKU-0031,1,302.64,32.36,15.58,285.86
CA-00004671,1,SKU-0105,1,101.15,11.61,4.72,94.26
CA-00004697,1,SKU-0081,1,47.73,0.93,2.40,49.20
CA-00004701,1,SKU-0055,2,32.13,1.31,3.00,65.95
CA-00004715,1,SKU-0102,1,19.06,1.95,1.01,18.12
CA-00004715,2,SKU-0105,1,112.47,7.61,6.21,111.07
CA-00004715,3,SKU-0031,1,319.73,8.40,24.44,335.77
CA-00004722,1,SKU-0115,1,263.00,29.51,14.56,248.05
CA-00004722,2,SKU-0067,1,52.07,5.65,2.99,49.41
CA-00004730,1,SKU-0024,2,31.44,2.65,3.61,63.84
CA-00004730,2,SKU-0016,3,130.70,16.83,32.04,407.31
CA-00004733,1,SKU-0090,1,274.92,6.51,17.54,285.95
CA-00004734,1,SKU-0119,4,253.02,77.72,76.24,1010.60
CA-00004735,1,SKU-0011,3,276.29,84.80,31.50,775.57
CA-00004735,2,SKU-0080,1,91.56,2.10,6.79,96.25
CA-00004735,3,SKU-0105,3,100.07,17.72,17.76,300.25
CA-00004757,1,SKU-0018,3,145.68,24.99,20.43,432.48
CA-00004761,1,SKU-0020,1,216.00,21.98,13.45,207.47
CA-00004771,1,SKU-0018,1,157.11,17.22,11.94,151.83
CA-00004771,2,SKU-0015,1,238.58,8.14,14.98,245.42
CA-00004771,3,SKU-0007,1,235.52,21.28,9.49,223.73
CA-00004771,4,SKU-0089,4,28.01,6.62,8.40,113.82
CA-00004812,1,SKU-0051,2,100.69,22.78,13.17,191.77
CA-00004812,2,SKU-0107,2,370.85,41.65,61.29,761.34
CA-00004812,3,SKU-0028,3,80.16,4.81,14.16,249.83
CA-00004812,4,SKU-0095,1,71.60,3.41,5.37,73.56
CA-00004823,1,SKU-0081,3,43.45,0.20,10.66,140.81
CA-00004823,2,SKU-0112,1,193.43,17.71,11.59,187.31
CA-00004823,3,SKU-0024,2,31.60,4.32,4.54,63.42
CA-00004827,1,SKU-0036,4,296.02,55.75,93.17,1221.50
CA-00004828,1,SKU-0031,1,311.55,12.17,24.21,323.59
CA-00004829,1,SKU-0090,3,242.32,14.03,54.32,767.25
CA-00004830,1,SKU-0053,2,384.85,11.34,41.26,799.62
CA-00004834,1,SKU-0086,1,19.86,0.83,1.46,20.49
CA-00004850,1,SKU-0095,1,69.68,7.97,2.62,64.33
CA-00004850,2,SKU-0017,2,69.41,4.38,11.59,146.03
CA-00004856,1,SKU-0050,1,406.99,25.55,23.77,405.21
CA-00004856,2,SKU-0058,1,261.67,28.66,18.88,251.89
CA-00004856,3,SKU-0029,1,141.40,7.76,7.26,140.90
CA-00004862,1,SKU-0008,1,42.85,1.33,2.45,43.97
CA-00004862,2,SKU-0004,1,124.94,1.48,6.46,129.92
CA-00004868,1,SKU-0004,1,125.58,3.07,9.12,131.63
CA-00004872,1,SKU-0032,1,199.29,0.63,16.58,215.24
CA-00004872,2,SKU-0061,1,206.22,4.71,15.54,217.05
CA-00004872,3,SKU-0014,1,361.31,9.40,19.32,371.23
CA-00004872,4,SKU-0069,4,241.64,25.64,51.67,992.59
CA-00004887,1,SKU-0097,1,170.06,3.84,14.59,180.81
CA-00004891,1,SKU-0033,1,107.66,4.68,7.16,110.14
CA-00004894,1,SKU-0100,2,239.51,48.99,31.24,461.27
CA-00004894,2,SKU-0082,1,267.60,13.95,19.95,273.60
CA-00004894,3,SKU-0061,1,218.51,3.19,18.70,234.02
CA-00004894,4,SKU-0027,4,64.85,2.85,10.81,267.36
CA-00004901,1,SKU-0023,1,157.65,15.81,8.41,150.25
CA-00004919,1,SKU-0055,1,32.57,1.24,1.91,33.24
CA-00004919,2,SKU-0117,1,107.82,7.44,4.45,104.83
CA-00004929,1,SKU-0108,2,155.90,28.29,15.08,298.59
CA-00004929,2,SKU-0050,2,373.00,61.14,49.82,734.68
CA-00004933,1,SKU-0096,1,31.28,0.40,2.09,32.97
CA-00004944,1,SKU-0017,1,66.23,1.53,5.73,70.43
CA-00004949,1,SKU-0081,2,43.32,1.93,6.04,90.75
CA-00004951,1,SKU-0090,1,243.52,24.08,10.12,229.56
CA-00004957,1,SKU-0096,2,33.58,7.96,2.77,61.97
CA-00004973,1,SKU-0006,1,154.23,9.78,11.60,156.05
CA-00004973,2,SKU-0021,1,120.88,10.21,4.91,115.58
CA-00004986,1,SKU-0095,1,75.15,5.56,5.65,75.24
CA-00004986,2,SKU-0085,5,158.79,63.09,63.04,793.90
CA-00004987,1,SKU-0053,1,342.18,20.93,20.81,342.06
CA-00004987,2,SKU-0039,1,88.16,2.43,6.21,91.94
CA-00004991,1,SKU-0041,1,324.73,10.65,14.26,328.34
CA-00004991,2,SKU-0018,1,168.41,2.45,8.42,174.38
CA-00004991,3,SKU-0006,1,169.63,7.57,7.91,169.97
