source_order_id,channel_order_id,channel_name,order_datetime,ship_date,currency,order_status,subtotal,tax_amount,shipping_amount,discount_amount,order_total
CA-00000001,AMZ-000000001,Home Depot,2026-06-08T16:21:00,2026-06-10,USD,Processing,1198.01,82.59,0.00,131.52,1149.08
CA-00000005,AMZ-000000005,Target,2026-01-12T12:59:00,2026-01-15,USD,Delivered,1740.87,103.68,7.99,69.39,1783.15
CA-00000014,HD-000000014,Target,2026-02-16T13:43:00,2026-02-19,USD,Shipped,1020.22,61.89,7.99,109.32,980.78
CA-00000021,HD-000000021,Target,2026-05-28T15:26:00,2026-05-30,USD,Processing,289.10,12.05,0.00,4.14,297.01
CA-00000026,HD-000000026,Home Depot,2026-03-23T19:45:00,2026-03-24,USD,Shipped,35.84,2.84,0.00,0.50,38.18
CA-00000039,AMZ-000000039,Target,2025-10-06T18:51:00,2025-10-09,USD,Delivered,369.28,19.22,4.99,38.37,355.12
CA-00000058,AMZ-000000058,Target,2026-05-22T20:41:00,2026-05-24,USD,Cancelled,701.91,35.13,7.99,18.80,726.23
CA-00000071,HD-000000071,Home Depot,2026-03-11T16:07:00,2026-03-14,USD,Delivered,951.16,65.60,12.99,79.42,950.33
CA-00000074,HD-000000074,Home Depot,2025-08-02T21:43:00,2025-08-05,USD,Delivered,144.50,6.11,7.99,9.19,149.41
CA-00000087,TGT-000000087,Target,2025-12-16T22:43:00,2025-12-19,USD,Shipped,741.82,52.31,4.99,34.21,764.91
CA-00000094,HD-000000094,Home Depot,2025-12-20T10:04:00,2025-12-21,USD,Delivered,828.18,49.13,0.00,61.87,815.44
CA-00000097,HD-000000097,Home Depot,2026-01-29T21:30:00,2026-02-01,USD,Delivered,534.40,26.14,12.99,21.01,552.52
CA-00000107,TGT-000000107,Home Depot,2025-10-18T13:28:00,2025-10-23,USD,Delivered,206.54,14.49,0.00,7.92,213.11
CA-00000108,HD-000000108,Home Depot,2026-05-13T11:08:00,2026-05-17,USD,Shipped,264.34,10.23,7.99,21.74,260.82
CA-00000111,AMZ-000000111,Home Depot,2025-11-26T11:15:00,2025-12-01,USD,Delivered,642.43,37.16,0.00,48.54,631.05
CA-00000115,AMZ-000000115,Target,2025-10-19T08:47:00,2025-10-23,USD,Delivered,669.17,48.69,0.00,47.11,670.75
CA-00000121,TGT-000000121,Target,2025-11-25T19:05:00,2025-11-26,USD,Delivered,1234.71,89.12,4.99,106.66,1222.16
CA-00000127,TGT-000000127,Home Depot,2026-06-18T18:18:00,2026-06-22,USD,Delivered,397.25,23.60,7.99,30.68,398.16
CA-00000131,HD-000000131,Target,2025-07-07T08:46:00,2025-07-11,USD,Delivered,159.03,9.73,7.99,5.42,171.33
CA-00000135,TGT-000000135,Target,2025-08-23T16:11:00,2025-08-25,USD,Processing,440.06,19.86,4.99,26.78,438.13
CA-00000148,HD-000000148,Home Depot,2026-01-27T17:02:00,2026-01-28,USD,Delivered,144.96,10.15,0.00,10.03,145.08
CA-00000151,HD-000000151,Target,2025-07-04T11:29:00,2025-07-05,USD,Delivered,451.88,18.67,12.99,28.27,455.27
CA-00000155,AMZ-000000155,Target,2026-01-19T10:25:00,2026-01-24,USD,Processing,1806.79,108.29,7.99,73.02,1850.05
CA-00000156,TGT-000000156,Home Depot,2026-02-11T20:55:00,2026-02-14,USD,Cancelled,204.96,13.59,0.00,14.81,203.74
CA-00000163,TGT-000000163,HOME DEPOT,2026-05-17T21:06:00,2026-05-19,USD,Shipped,32.11,2.25,4.99,1.11,38.24
CA-00000164,AMZ-000000164,Target,2026-06-08T18:42:00,2026-06-12,USD,Delivered,1405.10,90.38,12.99,23.80,1484.67
CA-00000165,TGT-000000165,Target,2025-09-28T20:57:00,2025-09-29,USD,Processing,134.54,5.62,7.99,12.70,135.45
CA-00000176,TGT-000000176,Target,2026-05-06T14:28:00,2026-05-10,USD,Processing,98.68,6.56,7.99,0.36,112.87
CA-00000177,TGT-000000177,Target,2025-08-08T12:22:00,2025-08-11,USD,Delivered,517.53,26.08,0.00,43.46,500.15
CA-00000191,HD-000000191,Home Depot,2025-07-04T16:27:00,2025-07-06,USD,Processing,894.04,35.82,4.99,13.58,921.27
CA-00000192,HD-000000192,Home Depot,2025-10-03T21:56:00,2025-10-05,USD,Processing,780.94,32.54,0.00,60.26,753.22
CA-00000201,TGT-000000201,Home Depot,2025-09-27T17:35:00,2025-09-30,USD,Delivered,1514.41,90.21,12.99,107.41,1510.20
CA-00000208,AMZ-000000208,Home Depot,2026-05-13T13:18:00,2026-05-16,USD,Shipped,107.82,5.33,4.99,8.29,109.85
CA-00000209,HD-000000209,Home Depot,2026-04-15T22:48:00,2026-04-19,USD,Delivered,195.80,10.14,7.99,10.53,203.40
CA-00000222,HD-000000222,Target,2026-06-04T09:12:00,2026-06-08,USD,Delivered,321.76,13.77,12.99,36.01,312.51
CA-00000236,HD-000000236,Home Depot,2025-10-03T22:13:00,2025-10-04,USD,Delivered,62.22,3.54,0.00,1.88,63.88
CA-00000238,AMZ-000000238,Home Depot,2026-01-31T20:14:00,2026-02-03,USD,Shipped,1020.15,54.33,0.00,20.54,1053.94
CA-00000257,AMZ-000000257,Home Depot,2025-07-13T19:29:00,2025-07-18,USD,Processing,1265.72,79.35,12.99,35.36,1322.70
CA-00000259,AMZ-000000259,Home Depot,2025-11-07T16:39:00,2025-11-10,USD,Delivered,1142.17,53.08,4.99,90.84,1109.40
CA-00000260,AMZ-000000260,target,2026-02-28T12:38:00,2026-03-05,USD,Delivered,1087.32,52.44,12.99,68.39,1084.36
CA-00000270,HD-000000270,Target,2026-06-10T20:00:00,2026-06-14,USD,Delivered,388.33,19.49,7.99,14.85,400.96
CA-00000279,TGT-000000279,Target,2026-03-01T17:31:00,2026-03-02,USD,Delivered,108.32,5.12,12.99,9.71,116.72
CA-00000281,HD-000000281,Target,2025-11-10T09:43:00,2025-11-12,USD,Delivered,1635.03,97.71,0.00,32.19,1700.55
CA-00000283,AMZ-000000283,Home Depot,2026-02-24T13:55:00,2026-02-28,USD,Delivered,530.60,31.88,0.00,22.56,539.92
CA-00000288,HD-000000288,Target,2026-05-29T08:40:00,2026-05-31,USD,Delivered,1452.54,111.11,0.00,80.47,1483.18
CA-00000330,AMZ-000000330,Target,2025-12-25T21:14:00,2025-12-28,USD,Delivered,306.36,19.66,7.99,3.84,330.17
CA-00000338,TGT-000000338,Home Depot,2026-03-14T20:31:00,2026-03-16,USD,Delivered,1039.89,66.19,0.00,42.41,1063.67
CA-00000343,AMZ-000000343,Target,2025-09-08T11:40:00,2025-09-13,USD,Delivered,472.01,28.29,0.00,23.60,476.70
CA-00000353,AMZ-000000353,Home Depot,2025-08-15T20:23:00,2025-08-17,USD,Shipped,427.66,19.87,12.99,50.27,410.25
CA-00000355,HD-000000355,Target,2026-01-04T18:38:00,2026-01-05,USD,Delivered,176.57,12.49,4.99,7.95,186.10
CA-00000357,TGT-000000357,Target,2025-11-15T18:31:00,2025-11-19,USD,Delivered,286.77,19.56,12.99,27.80,291.52
CA-00000360,AMZ-000000360,Target,2025-08-28T13:29:00,2025-08-29,USD,Delivered,1291.36,87.38,0.00,150.07,1228.67
CA-00000361,TGT-000000361,Home Depot,2025-07-01T08:59:00,2025-07-03,USD,Delivered,323.24,22.33,4.99,29.09,321.47
CA-00000362,HD-000000362,Target,2026-02-20T12:30:00,2026-02-25,USD,Processing,270.21,16.39,7.99,11.15,283.44
CA-00000390,AMZ-000000390,Home Depot,2026-03-22T16:35:00,2026-03-24,USD,Shipped,977.28,41.97,0.00,6.58,1012.67
CA-00000407,TGT-000000407,Home Depot,2025-08-11T12:51:00,2025-08-15,USD,Processing,1737.35,136.06,0.00,84.55,1788.86
CA-00000408,AMZ-000000408,Target,2025-12-16T16:27:00,2025-12-19,USD,Delivered,414.11,21.11,12.99,25.53,422.68
CA-00000418,TGT-000000418,Home Depot,2026-04-25T09:23:00,2026-04-27,USD,Delivered,101.19,7.20,7.99,0.22,116.16
CA-00000419,HD-000000419,Target,2026-02-26T08:40:00,2026-03-01,USD,Shipped,144.67,10.73,4.99,17.11,143.28
CA-00000440,AMZ-000000440,Target,2026-05-28T17:04:00,2026-05-31,USD,Delivered,366.97,22.15,12.99,38.08,364.03
CA-00000449,HD-000000449,Home Depot,2026-06-13T19:32:00,2026-06-18,USD,Delivered,16.16,0.66,4.99,0.52,21.29
CA-00000457,AMZ-000000457,Target,2025-10-22T13:55:00,2025-10-25,USD,Delivered,73.82,4.74,7.99,1.12,85.43
CA-00000459,AMZ-000000459,Home Depot,2025-07-02T15:52:00,2025-07-07,USD,Delivered,383.76,20.92,0.00,35.05,369.63
CA-00000460,HD-000000460,Home Depot,2026-01-04T18:52:00,2026-01-06,USD,Processing,52.76,3.82,7.99,4.59,59.98
CA-00000461,HD-000000461,Home Depot,2025-11-23T14:31:00,2025-11-28,USD,Processing,866.07,40.63,0.00,84.84,821.86
CA-00000470,TGT-000000470,Home Depot,2026-04-20T16:51:00,2026-04-24,USD,Processing,308.20,22.63,7.99,13.43,325.39
CA-00000472,HD-000000472,Target,2026-01-10T10:29:00,2026-01-14,USD,Delivered,1078.92,68.34,0.00,28.87,1118.39
CA-00000498,AMZ-000000498,Target,2025-11-18T19:40:00,2025-11-22,USD,Shipped,1309.47,98.17,12.99,30.93,1389.70
CA-00000499,TGT-000000499,Target,2026-02-14T08:41:00,2026-02-16,USD,Shipped,95.53,4.00,12.99,10.23,102.29
CA-00000507,AMZ-000000507,Home Depot,2025-12-12T11:01:00,2025-12-15,USD,Shipped,226.89,12.75,4.99,20.97,223.66
CA-00000520,AMZ-000000520,Home Depot,2026-01-28T15:29:00,2026-01-29,USD,Delivered,1056.88,53.89,4.99,23.46,1092.30
CA-00000529,TGT-000000529,Home Depot,2025-07-09T13:17:00,2025-07-14,USD,Delivered,1084.20,59.95,0.00,33.48,1110.67
CA-00000537,AMZ-000000537,Home Depot,2026-06-14T08:09:00,2026-06-17,USD,Cancelled,384.62,26.43,12.99,23.06,400.98
CA-00000541,AMZ-000000541,Home Depot,2026-04-26T17:23:00,2026-05-01,USD,Delivered,834.14,62.85,7.99,27.09,877.89
CA-00000544,AMZ-000000544,Target,2025-11-23T19:28:00,2025-11-28,USD,Delivered,1182.10,68.09,0.00,100.34,1149.85
CA-00000547,AMZ-000000547,Home Depot,2025-11-22T08:49:00,2025-11-23,USD,Delivered,380.75,24.02,4.99,2.99,406.77
CA-00000549,HD-000000549,Home Depot,2026-03-18T14:37:00,2026-03-21,USD,Delivered,835.48,54.00,4.99,35.15,859.32
CA-00000558,AMZ-000000558,Home Depot,2025-10-07T17:11:00,2025-10-08,USD,Delivered,954.99,69.25,4.99,58.31,970.92
CA-00000574,TGT-000000574,Target,2026-03-04T20:35:00,2026-03-09,USD,Delivered,603.31,45.16,7.99,29.34,627.12
CA-00000582,HD-000000582,Target,2026-06-09T14:44:00,2026-06-12,USD,Delivered,1621.58,90.67,0.00,52.27,1659.98
CA-00000599,TGT-000000599,Target,2026-03-04T16:23:00,2026-03-05,USD,Delivered,830.37,44.01,0.00,43.68,830.70
CA-00000601,AMZ-000000601,Target,2026-06-18T10:40:00,2026-06-22,USD,Delivered,839.80,54.24,7.99,83.12,818.91
CA-00000611,AMZ-000000611,Target,2026-05-07T08:19:00,2026-05-12,USD,Shipped,15.07,0.64,12.99,0.80,27.90
CA-00000617,TGT-000000617,Target,2025-11-12T15:10:00,2025-11-15,USD,Delivered,988.06,61.35,0.00,38.68,1010.73
CA-00000637,TGT-000000637,Home Depot,2026-04-30T11:16:00,2026-05-01,USD,Delivered,254.97,20.10,7.99,16.60,266.46
CA-00000638,HD-000000638,Target,2025-11-09T17:23:00,2025-11-11,USD,Delivered,178.15,11.23,12.99,5.95,196.42
CA-00000640,AMZ-000000640,Home Depot,2025-10-09T14:01:00,2025-10-12,USD,Delivered,425.02,23.32,7.99,14.68,441.65
CA-00000648,AMZ-000000648,Home Depot,2026-01-31T22:44:00,2026-02-03,USD,Delivered,69.14,4.76,4.99,2.64,76.25
CA-00000654,TGT-000000654,Home Depot,2026-05-30T22:39:00,2026-06-04,USD,Processing,98.22,3.74,4.99,7.74,99.21
CA-00000657,HD-000000657,Target,2026-06-15T15:14:00,2026-06-16,USD,Delivered,1775.63,108.99,7.99,94.15,1798.46
CA-00000673,HD-000000673,Target,2025-10-04T13:56:00,2025-10-08,USD,Delivered,893.04,58.89,12.99,84.77,880.15
CA-00000681,TGT-000000681,Target,2025-11-23T14:00:00,2025-11-24,USD,Delivered,112.88,8.23,0.00,7.89,113.22
CA-00000686,AMZ-000000686,Target.com,2025-12-18T21:27:00,2025-12-20,USD,Delivered,254.44,21.66,4.99,10.32,270.77
CA-00000692,HD-000000692,Target,2026-01-26T17:00:00,2026-01-27,USD,Delivered,341.84,29.13,4.99,9.26,366.70
CA-00000713,TGT-000000713,Target,2025-12-24T11:24:00,2025-12-27,USD,Delivered,192.72,8.25,4.99,18.27,187.69
CA-00000719,AMZ-000000719,Target,2025-10-13T10:18:00,2025-10-15,USD,Delivered,305.69,20.80,0.00,23.20,303.29
CA-00000721,HD-000000721,Target,2025-11-06T22:17:00,2025-11-08,USD,Delivered,955.40,63.33,4.99,16.06,1007.66
CA-00000737,HD-000000737,Target,2026-01-06T15:53:00,2026-01-11,USD,Delivered,588.79,40.96,7.99,21.43,616.31
CA-00000757,TGT-000000757,Home Depot,2025-12-23T14:19:00,2025-12-24,USD,Delivered,973.52,73.18,12.99,58.57,1001.12
CA-00000760,HD-000000760,Home Depot,2026-06-13T16:05:00,2026-06-14,USD,Delivered,546.62,30.65,7.99,22.76,562.50
CA-00000765,AMZ-000000765,Target,2026-02-25T12:57:00,2026-03-02,USD,Delivered,122.68,6.45,0.00,10.92,118.21
CA-00000770,AMZ-000000770,Target,2025-09-29T11:41:00,2025-10-04,USD,Delivered,784.59,58.38,4.99,20.87,827.09
CA-00000771,HD-000000771,Target,2026-06-01T22:29:00,2026-06-04,USD,Delivered,524.67,32.62,0.00,16.58,540.71
CA-00000774,TGT-000000774,Target,2026-03-06T21:58:00,2026-03-11,USD,Delivered,245.10,9.46,0.00,23.91,230.65
CA-00000777,HD-000000777,Home Depot,2025-09-14T10:14:00,2025-09-16,USD,Delivered,1208.32,84.83,12.99,95.10,1211.04
CA-00000784,HD-000000784,Target,2025-11-05T19:44:00,2025-11-08,USD,Delivered,15.49,0.84,7.99,1.26,23.06
CA-00000785,TGT-000000785,Home Depot,2026-03-21T09:57:00,2026-03-26,USD,Shipped,181.05,14.51,7.99,2.89,200.66
CA-00000791,HD-000000791,Target,2025-07-27T12:19:00,2025-07-31,USD,Delivered,164.46,13.39,0.00,8.01,169.84
CA-00000794,TGT-000000794,Target,2026-06-25T21:19:00,2026-06-29,USD,Delivered,1181.77,83.58,12.99,79.80,1198.54
CA-00000797,AMZ-000000797,Home Depot,2025-12-04T11:26:00,2025-12-05,USD,Delivered,62.28,2.86,0.00,7.44,57.70
CA-00000800,TGT-000000800,Home Depot,2025-09-23T22:43:00,2025-09-24,USD,Shipped,315.66,21.19,7.99,5.81,339.03
CA-00000807,HD-000000807,Target,2025-11-09T19:39:00,2025-11-11,USD,Shipped,546.74,42.09,0.00,51.46,537.37
CA-00000811,TGT-000000811,Home Depot,2026-05-31T21:13:00,2026-06-05,USD,Delivered,131.90,8.50,12.99,12.86,140.53
CA-00000813,TGT-000000813,Target,2025-10-08T13:11:00,2025-10-13,USD,Shipped,340.62,19.62,7.99,15.90,352.33
CA-00000820,TGT-000000820,Target,2025-12-28T21:39:00,2025-12-30,USD,Delivered,873.64,72.45,0.00,32.69,913.40
CA-00000821,HD-000000821,Target,2026-05-30T13:02:00,2026-06-02,USD,Delivered,1402.79,91.90,12.99,76.95,1430.73
CA-00000824,AMZ-000000824,Home Depot,2026-06-23T09:04:00,2026-06-28,USD,Delivered,401.60,26.14,7.99,14.02,421.71
CA-00000830,AMZ-000000830,Home Depot,2025-07-01T10:09:00,2025-07-03,USD,Delivered,1117.82,47.06,12.99,78.41,1099.46
CA-00000834,HD-000000834,Home Depot,2025-08-11T19:57:00,2025-08-12,USD,Delivered,1154.37,61.42,4.99,73.11,1147.67
CA-00000842,TGT-000000842,home depot,2025-12-14T20:39:00,2025-12-15,USD,Delivered,19.26,0.79,0.00,0.66,19.39
CA-00000845,HD-000000845,Home Depot,2025-12-10T10:14:00,2025-12-13,USD,Processing,532.35,31.31,0.00,50.75,512.91
CA-00000868,HD-000000868,Target,2026-01-07T12:05:00,2026-01-11,USD,Delivered,470.76,22.14,0.00,41.56,451.34
CA-00000871,HD-000000871,Home Depot,2025-07-16T13:35:00,2025-07-20,USD,Processing,464.81,26.57,7.99,23.50,475.87
CA-00000872,TGT-000000872,Target,2026-05-03T11:55:00,2026-05-05,USD,Delivered,94.69,6.98,0.00,9.32,92.35
CA-00000890,HD-000000890,Target,2025-12-12T22:37:00,2025-12-13,USD,Shipped,223.08,9.89,0.00,20.05,212.92
CA-00000892,HD-000000892,Target,2025-08-27T18:13:00,2025-08-31,USD,Shipped,444.80,29.21,0.00,4.89,469.12
CA-00000894,TGT-000000894,Home Depot,2026-03-18T14:03:00,2026-03-19,USD,Processing,532.70,20.88,0.00,41.01,512.57
CA-00000895,TGT-000000895,Target,2026-04-01T08:22:00,2026-04-03,USD,Delivered,230.99,10.23,0.00,20.58,220.64
CA-00000915,TGT-000000915,Home Depot,2026-06-30T14:50:00,2026-06-30,USD,Delivered,607.72,37.49,0.00,10.33,634.88
CA-00000916,AMZ-000000916,Target,2026-06-19T16:50:00,2026-06-23,USD,Delivered,154.37,12.62,4.99,1.88,170.10
CA-00000929,TGT-000000929,Target,2026-04-14T18:11:00,2026-04-15,USD,Delivered,1426.10,89.97,0.00,68.92,1447.15
CA-00000933,TGT-000000933,HOME DEPOT,2026-04-14T10:57:00,2026-04-18,USD,Delivered,981.49,45.78,0.00,70.61,956.66
CA-00000939,HD-000000939,Home Depot,2025-08-23T15:22:00,2025-08-28,USD,Processing,120.28,6.56,0.00,11.94,114.90
CA-00000944,HD-000000944,Target,2025-10-17T17:16:00,2025-10-21,USD,Delivered,978.50,64.99,7.99,36.34,1015.14
CA-00000945,HD-000000945,Home Depot,2026-04-19T10:12:00,2026-04-23,USD,Delivered,307.48,23.24,7.99,2.49,336.22
CA-00000946,AMZ-000000946,Target,2026-03-14T21:13:00,2026-03-16,USD,Delivered,1759.16,108.58,4.99,83.92,1788.81
CA-00000951,TGT-000000951,Target,2026-03-07T21:47:00,2026-03-09,USD,Delivered,93.94,7.78,12.99,4.09,110.62
CA-00000957,HD-000000957,Target,2026-05-21T08:07:00,2026-05-24,USD,Delivered,346.48,25.04,12.99,16.72,367.79
CA-00000963,HD-000000963,Home Depot,2026-04-26T13:17:00,2026-04-27,USD,Shipped,1752.52,104.49,12.99,163.79,1706.21
CA-00000968,HD-000000968,Home Depot,2025-08-07T09:13:00,2025-08-10,USD,Delivered,1436.95,84.09,0.00,99.89,1421.15
CA-00000974,HD-000000974,Home Depot,2025-08-25T22:51:00,2025-08-26,USD,Delivered,1751.54,112.05,7.99,87.06,1784.52
CA-00000978,TGT-000000978,Target,2026-06-21T10:31:00,2026-06-25,USD,Delivered,127.51,6.62,0.00,10.67,123.46
CA-00000984,HD-000000984,Home Depot,2025-07-22T08:01:00,2025-07-24,USD,Shipped,370.30,25.30,0.00,30.18,365.42
CA-00000992,TGT-000000992,Target,2025-10-04T16:21:00,2025-10-09,USD,Delivered,213.15,16.50,7.99,4.13,233.51
CA-00001003,AMZ-000001003,Target,2026-05-27T18:18:00,2026-05-31,USD,Delivered,369.81,23.62,4.99,27.03,371.39
CA-00001005,HD-000001005,Target,2026-01-31T18:41:00,2026-02-03,USD,Delivered,1804.25,75.44,12.99,148.00,1744.68
CA-00001011,AMZ-000001011,Target,2025-09-21T14:01:00,2025-09-23,USD,Delivered,175.53,10.56,4.99,13.15,177.93
CA-00001017,TGT-000001017,Amazon,2026-01-06T09:27:00,2026-01-10,USD,Delivered,147.35,11.38,4.99,5.24,158.48
CA-00001019,HD-000001019,Home Depot,2025-07-09T16:26:00,2025-07-10,USD,Delivered,211.66,12.83,7.99,17.41,215.07
CA-00001023,TGT-000001023,Home Depot,2026-05-27T11:30:00,2026-05-31,USD,Shipped,1139.26,81.60,0.00,20.05,1200.81
CA-00001028,HD-000001028,Target,2026-02-17T14:57:00,2026-02-21,USD,Delivered,1683.79,100.34,4.99,156.12,1633.00
CA-00001033,TGT-000001033,Target,2025-11-27T19:56:00,2025-11-29,USD,Delivered,1071.54,74.67,4.99,52.70,1098.50
CA-00001040,AMZ-000001040,Home Depot,2026-05-02T16:15:00,2026-05-05,USD,Shipped,235.26,12.30,4.99,10.18,242.37
CA-00001044,TGT-000001044,Target,2025-10-05T17:49:00,2025-10-08,USD,Delivered,551.65,29.28,0.00,37.57,543.36
CA-00001046,AMZ-000001046,Home Depot,2026-01-27T22:42:00,2026-01-30,USD,Delivered,619.60,38.64,0.00,13.88,644.36
CA-00001048,TGT-000001048,Home Depot,2025-11-19T08:53:00,2025-11-20,USD,Delivered,397.12,14.86,4.99,32.01,384.96
CA-00001075,TGT-000001075,Target,2026-04-01T11:04:00,2026-04-06,USD,Delivered,852.54,34.27,12.99,56.53,843.27
CA-00001083,AMZ-000001083,Home Depot,2026-06-01T15:09:00,2026-06-02,USD,Shipped,860.70,49.79,7.99,59.80,858.68
CA-00001084,AMZ-000001084,Home Depot,2026-03-13T16:28:00,2026-03-16,USD,Delivered,566.86,27.18,0.00,50.78,543.26
CA-00001085,HD-000001085,Target,2026-02-17T22:42:00,2026-02-19,USD,Delivered,913.72,61.10,12.99,62.10,925.71
CA-00001092,TGT-000001092,Target,2025-10-15T18:16:00,2025-10-19,USD,Shipped,160.66,13.27,4.99,11.23,167.69
CA-00001096,TGT-000001096,Home Depot,2026-04-27T08:39:00,2026-04-30,USD,Delivered,438.04,28.66,0.00,29.32,437.38
CA-00001106,HD-000001106,Home Depot,2025-11-17T22:26:00,2025-11-21,USD,Delivered,585.46,33.41,7.99,35.28,591.58
CA-00001107,TGT-000001107,Target,2025-10-13T12:10:00,2025-10-17,USD,Shipped,479.36,19.56,0.00,20.64,478.28
CA-00001120,HD-000001120,Target,2025-10-31T17:18:00,2025-11-05,USD,Shipped,261.31,15.85,4.99,6.32,275.83
CA-00001130,TGT-000001130,Home Depot,2026-03-19T19:20:00,2026-03-24,USD,Delivered,421.02,35.05,0.00,26.99,429.08
CA-00001131,TGT-000001131,Home Depot,2025-12-14T10:54:00,2025-12-16,USD,Delivered,126.69,8.27,7.99,13.31,129.64
CA-00001132,HD-000001132,Target,2025-07-27T21:07:00,2025-07-28,USD,Delivered,868.43,58.13,0.00,39.13,887.43
CA-00001135,AMZ-000001135,Home Depot,2026-06-16T10:00:00,2026-06-17,USD,Delivered,179.06,7.93,0.00,17.71,169.28
CA-00001147,AMZ-000001147,Home Depot,2025-07-20T12:42:00,2025-07-24,USD,Delivered,407.11,19.42,0.00,39.00,387.53
CA-00001150,HD-000001150,Target,2026-05-05T13:09:00,2026-05-10,USD,Delivered,769.50,49.57,7.99,75.92,751.14
CA-00001155,TGT-000001155,Target,2025-11-11T11:22:00,2025-11-12,USD,Delivered,414.55,27.79,0.00,10.01,432.33
CA-00001158,TGT-000001158,Home Depot,2026-04-20T12:39:00,2026-04-22,USD,Delivered,874.51,58.94,7.99,59.27,882.17
CA-00001160,TGT-000001160,Target,2026-05-26T08:27:00,2026-05-27,USD,Delivered,759.10,54.50,12.99,90.52,736.07
CA-00001167,AMZ-000001167,Home Depot,2026-02-22T12:02:00,2026-02-26,USD,Delivered,616.18,39.78,0.00,32.46,623.50
CA-00001169,HD-000001169,Home Depot,2026-05-29T09:46:00,2026-05-31,USD,Delivered,709.71,39.93,0.00,36.78,712.86
CA-00001174,AMZ-000001174,Home Depot,2026-01-15T09:20:00,2026-01-20,USD,Delivered,679.02,54.23,12.99,24.00,722.24
CA-00001175,HD-000001175,Target,2025-10-08T22:11:00,2025-10-12,USD,Delivered,296.22,13.01,12.99,29.33,292.89
CA-00001181,AMZ-000001181,Target,2026-06-15T11:01:00,2026-06-16,USD,Processing,251.95,9.99,0.00,23.14,238.80
CA-00001190,AMZ-000001190,Target,2026-02-25T15:54:00,2026-03-01,USD,Delivered,378.54,28.27,4.99,16.14,395.66
CA-00001191,TGT-000001191,Target,2026-06-11T19:36:00,2026-06-15,USD,Shipped,704.72,35.65,4.99,62.35,683.01
CA-00001192,HD-000001192,Target,2025-10-15T08:46:00,2025-10-16,USD,Processing,188.92,14.99,12.99,6.75,210.15
CA-00001202,HD-000001202,Target,2026-06-28T14:26:00,2026-06-29,USD,Delivered,1133.11,68.06,12.99,84.55,1129.61
CA-00001206,AMZ-000001206,Home Depot,2025-09-28T18:29:00,2025-10-03,USD,Delivered,604.01,34.72,12.99,52.48,599.24
CA-00001209,TGT-000001209,Home Depot,2025-10-27T10:21:00,2025-11-01,USD,Delivered,606.68,37.50,4.99,52.56,596.61
CA-00001214,HD-000001214,Target,2025-08-11T11:46:00,2025-08-12,USD,Delivered,1390.80,115.63,0.00,63.29,1443.14
CA-00001234,HD-000001234,Target,2026-02-27T21:42:00,2026-02-28,USD,Shipped,185.50,7.81,12.99,13.12,193.18
CA-00001251,AMZ-000001251,Home Depot,2025-11-19T13:49:00,2025-11-20,USD,Delivered,245.03,13.44,4.99,23.88,239.58
CA-00001255,TGT-000001255,Target,2026-04-05T17:27:00,2026-04-09,USD,Delivered,1205.97,86.02,7.99,29.73,1270.25
CA-00001256,TGT-000001256,Home Depot,2025-07-17T17:30:00,2025-07-22,USD,Shipped,486.72,31.72,0.00,36.62,481.82
CA-00001257,AMZ-000001257,Target,2026-05-22T19:34:00,2026-05-26,USD,Delivered,954.06,49.35,0.00,41.00,962.41
CA-00001258,AMZ-000001258,Home Depot,2025-11-15T11:35:00,2025-11-18,USD,Processing,369.24,21.60,0.00,19.00,371.84
CA-00001279,TGT-000001279,Target,2026-05-17T18:21:00,2026-05-18,USD,Delivered,368.82,31.71,4.99,11.84,393.68
CA-00001284,HD-000001284,Home Depot,2026-06-17T20:46:00,2026-06-21,USD,Processing,361.60,29.39,4.99,30.36,365.62
CA-00001289,TGT-000001289,Home Depot,2025-07-05T17:20:00,2025-07-08,USD,Delivered,660.22,42.68,0.00,43.12,659.78
CA-00001296,TGT-000001296,Home Depot,2026-05-30T17:52:00,2026-06-02,USD,Delivered,465.99,35.56,12.99,23.05,491.49
CA-00001305,TGT-000001305,Target,2025-07-08T11:19:00,2025-07-10,USD,Delivered,222.11,10.45,12.99,22.02,223.53
CA-00001309,TGT-000001309,Target,2025-07-13T18:34:00,2025-07-16,USD,Delivered,49.88,2.90,4.99,3.38,54.39
CA-00001312,HD-000001312,Target,2026-01-12T20:43:00,2026-01-16,USD,Delivered,353.11,24.43,0.00,14.42,363.12
CA-00001314,AMZ-000001314,Home Depot,2026-06-12T13:52:00,2026-06-16,USD,Delivered,432.09,33.28,4.99,15.42,454.94
CA-00001331,HD-000001331,Target,2026-05-05T22:25:00,2026-05-09,USD,Delivered,1376.64,95.35,0.00,106.98,1365.01
CA-00001349,AMZ-000001349,Target,2026-05-20T10:51:00,2026-05-22,USD,Processing,796.42,47.55,0.00,6.16,837.81
CA-00001355,AMZ-000001355,Target,2025-09-01T15:49:00,2025-09-03,USD,Processing,662.32,42.29,4.99,16.11,693.49
CA-00001359,AMZ-000001359,Home Depot,2026-05-01T14:55:00,2026-05-02,USD,Delivered,395.78,23.08,12.99,46.53,385.32
CA-00001377,HD-000001377,Home Depot,2025-09-01T21:21:00,2025-09-05,USD,Shipped,1776.24,119.07,12.99,101.77,1806.53
CA-00001382,HD-000001382,Target,2026-02-01T13:36:00,2026-02-03,USD,Delivered,276.97,19.29,12.99,32.86,276.39
CA-00001383,TGT-000001383,Home Depot,2026-04-28T16:59:00,2026-05-03,USD,Delivered,825.57,52.93,12.99,27.72,863.77
CA-00001384,TGT-000001384,Home Depot,2025-11-12T11:29:00,2025-11-16,USD,Shipped,677.07,39.64,7.99,43.26,681.44
CA-00001387,AMZ-000001387,Home Depot,2026-01-25T08:33:00,2026-01-29,USD,Processing,828.48,68.37,12.99,14.50,895.34
CA-00001389,AMZ-000001389,Home Depot,2026-04-21T12:41:00,2026-04-24,USD,Processing,128.90,5.73,7.99,12.09,130.53
CA-00001393,AMZ-000001393,Target,2025-08-04T11:08:00,2025-08-07,USD,Processing,1153.17,75.61,0.00,38.72,1190.06
CA-00001394,AMZ-000001394,Amazon,2026-04-25T22:19:00,2026-04-30,USD,Processing,62.86,2.98,7.99,0.88,72.95
CA-00001395,HD-000001395,Target,2026-05-19T17:20:00,2026-05-20,USD,Delivered,222.97,14.51,7.99,15.88,229.59
CA-00001399,TGT-000001399,Home Depot,2025-11-17T21:04:00,2025-11-19,USD,Delivered,536.31,20.77,12.99,56.14,513.93
CA-00001400,TGT-000001400,Target,2025-11-02T12:16:00,2025-11-04,USD,Delivered,717.84,49.95,12.99,10.67,770.11
CA-00001407,TGT-000001407,Home Depot,2025-10-21T12:10:00,2025-10-25,USD,Delivered,272.17,17.46,7.99,17.29,280.33
CA-00001410,TGT-000001410,Home Depot,2025-08-19T10:26:00,2025-08-21,USD,Delivered,16.01,1.27,4.99,1.64,20.63
CA-00001412,AMZ-000001412,Target,2026-06-01T20:45:00,2026-06-05,USD,Processing,466.57,24.11,7.99,39.29,459.38
CA-00001431,HD-000001431,Target,2025-12-30T21:31:00,2026-01-04,USD,Delivered,242.84,13.33,7.99,10.07,254.09
CA-00001439,TGT-000001439,Home Depot,2025-10-19T10:07:00,2025-10-22,USD,Delivered,18.51,0.80,7.99,2.15,25.15
CA-00001441,TGT-000001441,Home Depot,2026-02-26T20:52:00,2026-03-01,USD,Delivered,732.65,41.97,4.99,30.93,748.68
CA-00001445,TGT-000001445,Home Depot,2025-09-15T11:15:00,2025-09-18,USD,Delivered,214.28,8.04,4.99,25.24,202.07
CA-00001448,AMZ-000001448,Target,2026-01-05T18:34:00,2026-01-06,USD,Delivered,381.50,21.64,7.99,23.99,387.14
CA-00001454,HD-000001454,Target,2025-07-21T08:28:00,2025-07-26,USD,Shipped,320.37,17.64,12.99,23.73,327.27
CA-00001461,HD-000001461,Home Depot,2025-09-22T21:36:00,2025-09-23,USD,Delivered,697.08,41.21,7.99,40.79,705.49
CA-00001462,HD-000001462,Target,2025-11-18T09:20:00,2025-11-19,USD,Cancelled,461.14,39.02,4.99,16.92,488.23
CA-00001467,TGT-000001467,Target,2025-07-20T20:16:00,2025-07-23,USD,Shipped,777.90,60.68,12.99,46.04,805.53
CA-00001479,HD-000001479,Home Depot,2025-10-18T16:08:00,2025-10-23,USD,Shipped,202.65,11.97,12.99,20.94,206.67
CA-00001480,HD-000001480,Target,2025-08-09T17:07:00,2025-08-11,USD,Delivered,188.31,13.74,12.99,1.55,213.49
CA-00001481,HD-000001481,Target,2026-02-15T21:20:00,2026-02-20,USD,Delivered,222.38,10.23,4.99,24.94,212.66
CA-00001482,HD-000001482,Home Depot,2026-05-29T17:50:00,2026-05-30,USD,Processing,1207.41,76.32,7.99,116.17,1175.55
CA-00001483,AMZ-000001483,Home Depot,2025-10-22T20:59:00,2025-10-27,USD,Shipped,273.89,15.68,0.00,18.85,270.72
CA-00001487,TGT-000001487,Home Depot,2026-03-11T13:22:00,2026-03-15,USD,Delivered,90.25,5.57,7.99,7.02,96.79
CA-00001494,HD-000001494,Target,2025-10-28T22:48:00,2025-11-01,USD,Shipped,30.82,1.36,4.99,3.28,33.89
CA-00001506,AMZ-000001506,Home Depot,2025-07-09T13:43:00,2025-07-10,USD,Delivered,746.60,47.25,12.99,68.91,737.93
CA-00001510,HD-000001510,Target,2026-04-15T08:42:00,2026-04-20,USD,Delivered,910.78,50.87,0.00,62.04,899.61
CA-00001511,HD-000001511,Target,2025-11-26T14:41:00,2025-12-01,USD,Delivered,151.08,11.80,4.99,16.92,150.95
CA-00001513,HD-000001513,Home Depot,2026-01-02T14:15:00,2026-01-04,USD,Delivered,1489.48,88.75,0.00,70.52,1507.71
CA-00001514,TGT-000001514,Target,2026-05-20T17:48:00,2026-05-23,USD,Delivered,428.38,29.85,0.00,9.28,448.95
CA-00001518,AMZ-000001518,Home Depot,2025-09-21T15:22:00,2025-09-24,USD,Shipped,388.97,17.28,0.00,4.71,401.54
CA-00001521,TGT-000001521,Home Depot,2025-09-17T17:34:00,2025-09-20,USD,Delivered,336.37,22.74,12.99,25.96,346.14
CA-00001530,TGT-000001530,Target,2026-02-09T20:26:00,2026-02-13,USD,Delivered,129.55,6.06,4.99,3.60,137.00
CA-00001535,AMZ-000001535,Home Depot,2025-07-31T15:37:00,2025-08-01,USD,Delivered,345.71,16.96,0.00,33.17,329.50
CA-00001546,TGT-000001546,Target,2026-03-03T14:12:00,2026-03-06,USD,Delivered,853.04,61.06,0.00,30.75,883.35
CA-00001555,TGT-000001555,Home Depot,2026-05-13T17:05:00,2026-05-15,USD,Delivered,261.21,11.56,0.00,25.32,247.45
CA-00001556,TGT-000001556,Target,2026-04-18T11:16:00,2026-04-23,USD,Delivered,224.13,8.35,12.99,23.67,221.80
CA-00001560,HD-000001560,Home Depot,2025-12-18T14:09:00,2025-12-21,USD,Delivered,391.50,15.86,12.99,28.31,392.04
CA-00001562,AMZ-000001562,Home Depot,2026-01-26T09:40:00,2026-01-30,USD,Processing,743.72,43.87,0.00,37.55,750.04
CA-00001565,HD-000001565,Target,2026-06-24T16:20:00,2026-06-25,USD,Shipped,332.81,25.42,12.99,1.63,369.59
CA-00001577,TGT-000001577,Target,2025-11-29T14:11:00,2025-12-02,USD,Processing,103.26,4.36,0.00,0.37,107.25
CA-00001586,AMZ-000001586,Home Depot,2025-07-14T22:38:00,2025-07-17,USD,Delivered,830.78,57.49,4.99,83.48,809.78
CA-00001590,HD-000001590,Home Depot,2026-06-15T18:19:00,2026-06-19,USD,Delivered,847.24,46.99,0.00,35.05,859.18
CA-00001592,HD-000001592,Home Depot,2025-07-15T22:39:00,2025-07-19,USD,Shipped,164.92,12.86,4.99,9.40,173.37
CA-00001594,TGT-000001594,Target,2025-09-01T10:58:00,2025-09-05,USD,Shipped,303.47,13.33,4.99,7.28,314.51
CA-00001604,AMZ-000001604,HomeDepot,2026-03-22T11:49:00,2026-03-25,USD,Processing,27.31,1.60,12.99,3.09,38.81
CA-00001612,AMZ-000001612,target,2026-01-28T15:06:00,2026-02-01,USD,Delivered,148.88,10.42,0.00,10.09,149.21
CA-00001618,AMZ-000001618,Home Depot,2025-10-01T18:45:00,2025-10-02,USD,Delivered,147.60,9.74,0.00,3.17,154.17
CA-00001622,AMZ-000001622,Home Depot,2025-12-23T12:35:00,2025-12-25,USD,Delivered,1211.70,73.03,0.00,99.85,1184.88
CA-00001627,HD-000001627,Target,2025-10-03T19:57:00,2025-10-04,USD,Cancelled,589.23,31.34,0.00,44.97,575.60
CA-00001635,AMZ-000001635,Home Depot,2026-02-22T09:49:00,2026-02-23,USD,Processing,538.14,25.72,0.00,26.92,536.94
CA-00001639,TGT-000001639,Home Depot,2025-08-07T08:55:00,2025-08-11,USD,Delivered,204.30,9.60,0.00,5.32,208.58
CA-00001656,AMZ-000001656,Home Depot,2026-04-30T12:00:00,2026-05-04,USD,Delivered,942.52,68.38,0.00,27.11,983.79
CA-00001660,AMZ-000001660,Target,2025-12-08T18:05:00,2025-12-09,USD,Delivered,470.22,23.06,12.99,16.25,490.02
CA-00001666,TGT-000001666,Target,2025-08-19T13:48:00,2025-08-20,USD,Delivered,251.33,13.68,7.99,21.16,251.84
CA-00001671,HD-000001671,Home Depot,2026-05-31T08:06:00,2026-06-01,USD,Delivered,168.72,11.39,4.99,4.34,180.76
CA-00001690,HD-000001690,Home Depot,2026-05-12T20:19:00,2026-05-16,USD,Delivered,765.82,46.52,4.99,50.31,767.02
CA-00001703,HD-000001703,Target,2026-05-25T16:04:00,2026-05-29,USD,Delivered,346.81,22.06,12.99,35.60,346.26
CA-00001706,HD-000001706,Home Depot,2025-07-28T16:59:00,2025-08-02,USD,Processing,87.42,3.27,12.99,7.58,96.10
CA-00001715,HD-000001715,Home Depot,2026-02-27T19:20:00,2026-03-03,USD,Delivered,199.66,12.14,7.99,5.01,214.78
CA-00001719,TGT-000001719,Target,2025-10-24T19:11:00,2025-10-28,USD,Delivered,803.37,52.85,4.99,37.03,824.18
CA-00001721,HD-000001721,Home Depot,2026-03-13T21:31:00,2026-03-18,USD,Processing,971.01,52.21,12.99,27.81,1008.40
CA-00001727,TGT-000001727,Target,2025-12-12T22:11:00,2025-12-16,USD,Shipped,620.79,44.98,12.99,20.92,657.84
CA-00001730,HD-000001730,Home Depot,2026-06-17T17:21:00,2026-06-19,USD,Delivered,249.23,12.42,7.99,22.27,247.37
CA-00001734,TGT-000001734,Target,2026-06-27T13:45:00,2026-06-28,USD,Delivered,68.38,4.99,0.00,4.84,68.53
CA-00001746,HD-000001746,Target,2026-04-27T12:17:00,2026-04-29,USD,Delivered,1034.54,63.18,0.00,67.24,1030.48
CA-00001750,AMZ-000001750,Target,2026-05-14T18:36:00,2026-05-16,USD,Processing,374.70,26.04,0.00,32.85,367.89
CA-00001754,AMZ-000001754,Target,2026-01-25T17:57:00,2026-01-30,USD,Delivered,608.22,39.01,0.00,39.29,607.94
CA-00001757,HD-000001757,Home Depot,2026-05-16T17:02:00,2026-05-18,USD,Delivered,809.36,60.52,0.00,58.30,811.58
CA-00001775,HD-000001775,Target,2025-07-14T08:04:00,2025-07-19,USD,Shipped,147.30,7.97,7.99,3.05,160.21
CA-00001778,TGT-000001778,Target,2026-05-14T18:26:00,2026-05-15,USD,Delivered,216.68,12.70,0.00,9.01,220.37
CA-00001779,AMZ-000001779,Target,2026-01-13T20:13:00,2026-01-15,USD,Cancelled,752.21,40.91,0.00,61.41,731.71
CA-00001791,TGT-000001791,Target,2026-05-25T10:08:00,2026-05-29,USD,Shipped,337.92,17.66,12.99,16.17,352.40
CA-00001796,HD-000001796,Home Depot,2025-12-02T12:14:00,2025-12-06,USD,Delivered,1112.29,59.30,4.99,11.72,1164.86
CA-00001802,AMZ-000001802,Target,2026-02-08T15:08:00,2026-02-09,USD,Delivered,219.15,15.78,0.00,9.39,225.54
CA-00001822,AMZ-000001822,Target,2025-09-24T12:56:00,2025-09-26,USD,Delivered,1122.24,84.00,0.00,63.80,1142.44
CA-00001828,TGT-000001828,Amazon,2025-09-04T18:49:00,2025-09-08,USD,Delivered,135.18,5.84,0.00,4.92,136.10
CA-00001833,HD-000001833,Target,2026-03-27T09:07:00,2026-03-29,USD,Delivered,1086.80,72.52,7.99,49.54,1117.77
CA-00001843,TGT-000001843,Target,2026-01-12T20:52:00,2026-01-13,USD,Delivered,16.03,1.28,4.99,0.02,22.28
CA-00001846,TGT-000001846,Target,2026-04-18T16:16:00,2026-04-19,USD,Delivered,444.08,28.87,7.99,46.91,434.03
CA-00001848,AMZ-000001848,Home Depot,2025-08-17T18:52:00,2025-08-18,USD,Shipped,826.18,42.84,7.99,2.09,874.92
CA-00001862,TGT-000001862,Home Depot,2025-10-21T22:23:00,2025-10-25,USD,Delivered,2784.43,167.26,4.99,206.92,2749.76
CA-00001867,TGT-000001867,Home Depot,2025-12-22T17:53:00,2025-12-26,USD,Processing,257.17,13.55,0.00,5.41,265.31
CA-00001885,TGT-000001885,Home Depot,2025-09-15T11:07:00,2025-09-18,USD,Delivered,326.14,24.51,0.00,26.68,323.97
CA-00001887,TGT-000001887,Home Depot,2026-03-01T19:57:00,2026-03-04,USD,Delivered,1430.20,58.89,0.00,95.76,1393.33
CA-00001890,HD-000001890,Target,2025-08-19T16:02:00,2025-08-20,USD,Delivered,478.38,28.71,7.99,22.12,492.96
CA-00001892,TGT-000001892,Home Depot,2025-11-30T17:05:00,2025-12-03,USD,Delivered,777.76,50.78,0.00,13.79,814.75
CA-00001893,TGT-000001893,Home Depot,2026-04-29T22:25:00,2026-04-30,USD,Delivered,321.34,25.61,7.99,4.06,350.88
CA-00001895,AMZ-000001895,Target,2025-11-05T20:56:00,2025-11-08,USD,Delivered,1502.42,103.39,7.99,149.62,1464.18
CA-00001900,HD-000001900,Target,2026-06-12T09:44:00,2026-06-16,USD,Shipped,2180.21,153.21,7.99,134.54,2206.87
CA-00001902,HD-000001902,Home Depot,2026-05-21T16:20:00,2026-05-22,USD,Delivered,2476.54,156.22,4.99,14.57,2623.18
CA-00001907,AMZ-000001907,Home Depot,2025-10-04T10:15:00,2025-10-09,USD,Processing,1240.56,89.70,4.99,56.50,1278.75
CA-00001908,AMZ-000001908,Target,2026-05-27T16:45:00,2026-05-31,USD,Delivered,201.18,16.65,7.99,12.30,213.52
CA-00001934,AMZ-000001934,Target,2025-12-01T20:32:00,2025-12-05,USD,Delivered,179.00,11.68,0.00,20.29,170.39
CA-00001938,AMZ-000001938,Target,2025-09-13T13:30:00,2025-09-18,USD,Delivered,290.89,20.21,7.99,16.58,302.51
CA-00001953,HD-000001953,Target,2026-03-03T17:21:00,2026-03-04,USD,Shipped,145.23,7.30,12.99,6.50,159.02
CA-00001954,HD-000001954,Target,2025-10-09T09:21:00,2025-10-13,USD,Delivered,980.17,50.28,12.99,55.50,987.94
CA-00001955,AMZ-000001955,Target,2026-02-23T18:04:00,2026-02-28,USD,Delivered,27.18,1.97,0.00,2.38,26.77
CA-00001969,AMZ-000001969,Target,2025-08-12T08:24:00,2025-08-13,USD,Delivered,937.67,54.66,7.99,60.47,939.85
CA-00001991,TGT-000001991,Target,2026-02-24T18:53:00,2026-03-01,USD,Delivered,263.36,21.81,0.00,6.33,278.84
CA-00001994,HD-000001994,Home Depot,2025-12-14T10:32:00,2025-12-16,USD,Delivered,326.05,20.93,4.99,35.65,316.32
CA-00001998,TGT-000001998,Home Depot,2025-08-28T14:05:00,2025-09-02,USD,Delivered,270.10,17.29,12.99,25.56,274.82
CA-00002005,HD-000002005,Home Depot,2026-05-02T13:44:00,2026-05-07,USD,Delivered,381.29,26.74,0.00,19.99,388.04
CA-00002014,HD-000002014,TARGET,2025-12-20T13:49:00,2025-12-23,USD,Delivered,300.16,15.17,0.00,15.07,300.26
CA-00002019,TGT-000002019,Target,2025-11-03T13:54:00,2025-11-06,USD,Delivered,1151.34,65.90,7.99,6.56,1218.67
CA-00002020,HD-000002020,Home Depot,2025-07-29T20:32:00,2025-08-02,USD,Delivered,115.74,7.39,4.99,7.77,120.35
CA-00002034,TGT-000002034,Target,2026-03-02T08:51:00,2026-03-06,USD,Delivered,34.78,1.82,0.00,1.04,35.56
CA-00002051,HD-000002051,Target,2026-02-01T14:40:00,2026-02-04,USD,Delivered,1072.13,46.03,0.00,48.61,1069.55
CA-00002053,HD-000002053,Target,2026-03-26T17:19:00,2026-03-29,USD,Shipped,637.48,44.72,12.99,22.38,672.81
CA-00002055,AMZ-000002055,Target,2026-06-10T18:50:00,2026-06-14,USD,Cancelled,1061.19,71.19,4.99,34.87,1102.50
CA-00002058,AMZ-000002058,Target,2025-12-08T13:03:00,2025-12-11,USD,Delivered,1812.11,132.39,0.00,65.25,1879.25
CA-00002063,TGT-000002063,Target,2026-03-05T10:43:00,2026-03-10,USD,Delivered,1220.67,78.37,4.99,108.64,1195.39
CA-00002065,TGT-000002065,Target,2026-04-05T15:02:00,2026-04-08,USD,Delivered,1009.65,59.26,12.99,90.15,991.75
CA-00002072,HD-000002072,Target,2026-06-22T22:11:00,2026-06-25,USD,Delivered,158.10,10.33,12.99,11.90,169.52
CA-00002095,HD-000002095,Target,2026-04-20T13:29:00,2026-04-25,USD,Delivered,496.00,29.44,0.00,48.87,476.57
CA-00002109,TGT-000002109,Home Depot,2026-05-14T10:59:00,2026-05-15,USD,Delivered,579.23,37.21,4.99,25.58,595.85
CA-00002116,HD-000002116,Target,2026-01-24T19:18:00,2026-01-25,USD,Processing,138.87,6.32,0.00,14.68,130.51
CA-00002137,TGT-000002137,Home Depot,2025-10-06T17:45:00,2025-10-10,USD,Delivered,644.29,38.33,12.99,33.43,662.18
CA-00002147,HD-000002147,Home Depot,2025-08-13T22:11:00,2025-08-14,USD,Processing,232.70,17.48,12.99,9.35,253.82
CA-00002151,TGT-000002151,Home Depot,2026-04-06T19:54:00,2026-04-07,USD,Cancelled,47.48,2.08,0.00,4.29,45.27
CA-00002185,HD-000002185,Target,2025-10-01T09:23:00,2025-10-03,USD,Delivered,290.26,16.03,0.00,9.59,296.70
CA-00002187,TGT-000002187,Home Depot,2026-02-21T12:59:00,2026-02-24,USD,Delivered,288.43,21.06,7.99,24.52,292.96
CA-00002190,AMZ-000002190,Target,2026-03-07T11:21:00,2026-03-12,USD,Delivered,1823.97,85.11,7.99,114.48,1802.59
CA-00002196,AMZ-000002196,Target,2025-07-26T17:03:00,2025-07-29,USD,Delivered,296.55,20.35,12.99,15.28,314.61
CA-00002197,AMZ-000002197,Home Depot,2025-09-02T13:11:00,2025-09-07,USD,Delivered,1228.86,75.12,0.00,96.18,1207.80
CA-00002201,AMZ-000002201,Home Depot,2025-07-07T10:24:00,2025-07-11,USD,Delivered,280.40,17.12,4.99,23.40,279.11
CA-00002225,TGT-000002225,Home Depot,2025-08-31T15:56:00,2025-09-05,USD,Shipped,97.86,6.75,0.00,2.47,102.14
CA-00002232,AMZ-000002232,Target,2026-03-06T13:43:00,2026-03-11,USD,Delivered,84.87,6.74,12.99,7.69,96.91
CA-00002234,TGT-000002234,Target,2026-01-06T08:03:00,2026-01-10,USD,Cancelled,623.33,35.29,12.99,62.54,609.07
CA-00002251,TGT-000002251,Home Depot,2025-07-25T21:53:00,2025-07-29,USD,Delivered,240.84,10.47,4.99,22.79,233.51
CA-00002260,AMZ-000002260,Target,2026-06-29T12:03:00,2026-06-30,USD,Cancelled,476.41,28.29,0.00,41.54,463.16
CA-00002272,TGT-000002272,Home Depot,2025-08-24T16:28:00,2025-08-28,USD,Processing,1107.51,71.14,4.99,106.25,1077.39
CA-00002275,TGT-000002275,Target,2026-06-17T10:42:00,2026-06-20,USD,Delivered,1003.54,47.76,4.99,102.21,954.08
CA-00002276,TGT-000002276,Home Depot,2025-07-21T10:00:00,2025-07-24,USD,Shipped,871.18,34.93,4.99,8.76,902.34
CA-00002281,HD-000002281,Home Depot,2025-11-13T13:21:00,2025-11-17,USD,Delivered,97.08,6.36,0.00,1.83,101.61
CA-00002285,HD-000002285,Target,2026-01-27T14:56:00,2026-01-31,USD,Processing,620.04,42.26,0.00,47.93,614.37
CA-00002290,AMZ-000002290,Home Depot,2025-10-29T14:57:00,2025-10-31,USD,Shipped,175.32,13.64,12.99,20.89,181.06
CA-00002292,TGT-000002292,Target,2025-08-06T12:05:00,2025-08-10,USD,Delivered,129.48,6.19,0.00,10.26,125.41
CA-00002295,HD-000002295,Target,2026-04-20T11:40:00,2026-04-23,USD,Cancelled,164.15,12.45,12.99,6.95,182.64
CA-00002302,TGT-000002302,Home Depot,2026-03-23T08:25:00,2026-03-24,USD,Delivered,82.78,3.32,12.99,1.58,97.51
CA-00002303,HD-000002303,Target,2026-05-21T22:09:00,2026-05-25,USD,Delivered,130.94,9.27,7.99,0.37,147.83
CA-00002305,TGT-000002305,HomeDepot,2026-05-03T21:33:00,2026-05-07,USD,Delivered,580.31,28.28,0.00,31.00,577.59
CA-00002321,TGT-000002321,Target,2026-02-19T17:26:00,2026-02-23,USD,Delivered,335.07,16.89,7.99,38.49,321.46
CA-00002326,HD-000002326,Home Depot,2025-10-24T11:39:00,2025-10-26,USD,Delivered,585.08,35.04,0.00,23.94,596.18
CA-00002327,AMZ-000002327,Home Depot,2026-01-03T17:54:00,2026-01-04,USD,Cancelled,710.06,54.62,0.00,45.85,718.83
CA-00002332,TGT-000002332,Target,2025-09-05T18:03:00,2025-09-10,USD,Delivered,295.33,18.45,4.99,18.27,300.50
CA-00002348,HD-000002348,Home Depot,2025-07-18T12:13:00,2025-07-23,USD,Shipped,204.05,9.62,0.00,9.14,204.53
CA-00002352,AMZ-000002352,Home Depot,2026-04-12T08:42:00,2026-04-14,USD,Delivered,368.36,26.38,12.99,28.78,378.95
CA-00002390,AMZ-000002390,Target,2025-10-07T10:05:00,2025-10-12,USD,Delivered,699.67,41.05,0.00,66.51,674.21
CA-00002392,AMZ-000002392,Target,2025-10-04T12:51:00,2025-10-08,USD,Cancelled,400.88,18.74,0.00,27.72,391.90
CA-00002402,TGT-000002402,Home Depot,2026-03-09T15:55:00,2026-03-10,USD,Delivered,725.26,37.84,4.99,65.91,702.18
CA-00002403,HD-000002403,Home Depot,2026-04-30T19:09:00,2026-05-02,USD,Delivered,544.60,39.30,0.00,36.98,546.92
CA-00002404,TGT-000002404,Target,2026-04-15T13:33:00,2026-04-19,USD,Delivered,425.42,27.85,4.99,41.18,417.08
CA-00002407,TGT-000002407,target,2025-07-23T19:43:00,2025-07-24,USD,Delivered,542.16,26.85,0.00,23.28,545.73
CA-00002408,TGT-000002408,Home Depot,2025-07-02T22:51:00,2025-07-06,USD,Delivered,1020.16,49.87,7.99,71.11,1006.91
CA-00002414,AMZ-000002414,Target,2026-03-09T21:57:00,2026-03-12,USD,Delivered,677.90,53.25,12.99,30.04,714.10
CA-00002420,TGT-000002420,Target,2025-07-27T11:14:00,2025-08-01,USD,Delivered,788.90,62.69,12.99,13.59,850.99
CA-00002422,AMZ-000002422,Home Depot,2025-11-13T15:50:00,2025-11-18,USD,Delivered,146.68,10.52,0.00,10.56,146.64
CA-00002434,TGT-000002434,Home Depot,2026-04-06T14:03:00,2026-04-07,USD,Delivered,101.16,7.64,0.00,6.42,102.38
CA-00002436,TGT-000002436,Target,2026-01-18T13:04:00,2026-01-23,USD,Delivered,340.50,21.53,12.99,38.09,336.93
CA-00002460,TGT-000002460,Target,2026-06-11T13:37:00,2026-06-13,USD,Delivered,1404.37,85.43,0.00,102.46,1387.34
CA-00002469,TGT-000002469,Home Depot,2025-09-13T15:54:00,2025-09-16,USD,Processing,750.39,32.09,4.99,33.15,754.32
CA-00002480,TGT-000002480,Target,2025-09-20T19:10:00,2025-09-21,USD,Shipped,1871.27,120.75,0.00,102.78,1889.24
CA-00002486,HD-000002486,Target,2025-11-16T12:42:00,2025-11-21,USD,Delivered,174.78,15.04,4.99,4.08,190.73
CA-00002501,AMZ-000002501,Target,2026-01-25T18:44:00,2026-01-29,USD,Shipped,33.01,2.48,0.00,0.29,35.20
CA-00002509,HD-000002509,Target,2026-02-28T21:44:00,2026-03-05,USD,Shipped,182.20,13.05,4.99,18.27,181.97
CA-00002511,HD-000002511,Home Depot,2025-12-22T10:27:00,2025-12-24,USD,Shipped,395.82,22.12,0.00,17.46,400.48
CA-00002520,HD-000002520,Home Depot,2026-06-25T21:34:00,2026-06-26,USD,Delivered,31.68,1.97,4.99,1.49,37.15
CA-00002521,TGT-000002521,Home Depot,2026-04-04T16:34:00,2026-04-09,USD,Processing,279.12,21.40,4.99,17.20,288.31
CA-00002523,AMZ-000002523,Target,2025-07-17T10:02:00,2025-07-20,USD,Delivered,163.63,11.98,0.00,9.25,166.36
CA-00002527,TGT-000002527,Target,2026-02-24T13:14:00,2026-02-25,USD,Delivered,511.14,38.43,7.99,47.08,510.48
CA-00002536,HD-000002536,Target,2025-10-15T08:47:00,2025-10-16,USD,Delivered,130.93,9.35,0.00,0.32,139.96
CA-00002546,HD-000002546,TARGET,2025-08-12T19:31:00,2025-08-16,USD,Delivered,157.71,9.78,0.00,9.09,158.40
CA-00002548,TGT-000002548,TARGET,2026-03-04T12:43:00,2026-03-09,USD,Delivered,336.27,19.54,12.99,20.46,348.34
CA-00002573,TGT-000002573,Target,2026-02-26T18:54:00,2026-03-03,USD,Delivered,2537.22,195.62,0.00,70.47,2662.37
CA-00002575,TGT-000002575,Home Depot,2025-07-18T21:46:00,2025-07-23,USD,Delivered,241.92,19.20,0.00,8.96,252.16
CA-00002579,AMZ-000002579,Home Depot,2026-02-26T19:00:00,2026-02-28,USD,Delivered,774.38,36.55,12.99,51.63,772.29
CA-00002580,TGT-000002580,Home Depot,2026-02-27T16:00:00,2026-03-01,USD,Shipped,233.76,18.01,12.99,24.87,239.89
CA-00002582,HD-000002582,Home Depot,2025-09-02T19:51:00,2025-09-03,USD,Delivered,589.46,40.35,7.99,34.24,603.56
CA-00002585,AMZ-000002585,Home Depot,2026-03-07T17:07:00,2026-03-10,USD,Delivered,1198.39,66.58,7.99,103.48,1169.48
CA-00002597,HD-000002597,Home Depot,2025-08-23T11:34:00,2025-08-26,USD,Shipped,1733.94,83.77,7.99,97.48,1728.22
CA-00002604,HD-000002604,Target,2025-12-22T13:51:00,2025-12-27,USD,Delivered,683.39,35.80,4.99,41.35,682.83
CA-00002612,HD-000002612,Home Depot,2025-08-13T12:29:00,2025-08-14,USD,Delivered,930.36,48.83,7.99,69.89,917.29
CA-00002616,HD-000002616,Target,2026-06-12T21:57:00,2026-06-14,USD,Delivered,727.19,34.88,0.00,59.02,703.05
CA-00002618,HD-000002618,Target,2025-07-18T11:27:00,2025-07-21,USD,Delivered,37.22,2.07,4.99,4.27,40.01
CA-00002634,HD-000002634,Home Depot,2026-05-01T18:15:00,2026-05-02,USD,Processing,413.81,26.53,7.99,33.84,414.49
CA-00002635,TGT-000002635,Target,2025-11-18T15:06:00,2025-11-22,USD,Delivered,203.70,12.41,0.00,10.21,205.90
CA-00002636,AMZ-000002636,Target,2025-12-10T14:05:00,2025-12-14,USD,Delivered,320.96,25.12,4.99,32.04,319.03
CA-00002642,AMZ-000002642,Home Depot,2025-11-15T21:29:00,2025-11-17,USD,Delivered,46.63,3.52,0.00,0.87,49.28
CA-00002652,AMZ-000002652,Target,2025-09-22T08:24:00,2025-09-23,USD,Delivered,413.75,29.90,4.99,31.76,416.88
CA-00002654,TGT-000002654,Target,2025-10-24T16:11:00,2025-10-29,USD,Processing,1980.42,130.97,7.99,159.49,1959.89
CA-00002664,HD-000002664,Home Depot,2026-04-30T18:58:00,2026-05-02,USD,Cancelled,458.29,22.78,7.99,33.01,456.05
CA-00002677,AMZ-000002677,Target,2026-02-13T16:16:00,2026-02-15,USD,Shipped,239.85,17.30,0.00,23.04,234.11
CA-00002681,HD-000002681,Amazon,2025-11-27T09:58:00,2025-11-28,USD,Delivered,130.35,5.11,7.99,4.33,139.12
CA-00002682,TGT-000002682,Home Depot,2025-07-26T12:51:00,2025-07-28,USD,Delivered,943.95,68.40,0.00,76.05,936.30
CA-00002683,TGT-000002683,Home Depot,2025-09-24T12:13:00,2025-09-27,USD,Shipped,257.09,13.30,0.00,17.02,253.37
CA-00002694,TGT-000002694,Home Depot,2025-11-11T13:19:00,2025-11-12,USD,Delivered,27.20,1.75,7.99,1.07,35.87
CA-00002695,AMZ-000002695,Target,2025-07-02T10:03:00,2025-07-06,USD,Delivered,293.00,19.23,0.00,14.91,297.32
CA-00002697,AMZ-000002697,Home Depot,2025-10-08T21:55:00,2025-10-11,USD,Shipped,566.30,40.15,4.99,52.22,559.22
CA-00002705,HD-000002705,Target,2026-04-14T20:24:00,2026-04-17,USD,Delivered,841.00,54.28,4.99,70.41,829.86
CA-00002706,HD-000002706,home depot,2026-06-03T20:08:00,2026-06-04,USD,Delivered,1283.84,73.65,7.99,10.61,1354.87
CA-00002711,TGT-000002711,Target,2026-05-10T10:14:00,2026-05-15,USD,Delivered,75.50,3.62,0.00,7.15,71.97
CA-00002714,AMZ-000002714,Target,2026-05-29T12:30:00,2026-05-30,USD,Delivered,433.99,26.73,4.99,22.41,443.30
CA-00002725,TGT-000002725,Home Depot,2026-01-13T11:15:00,2026-01-17,USD,Delivered,492.00,22.92,7.99,39.99,482.92
CA-00002754,AMZ-000002754,Home Depot,2026-03-19T19:11:00,2026-03-22,USD,Delivered,1267.01,71.63,4.99,95.18,1248.45
CA-00002758,HD-000002758,Home Depot,2025-11-25T10:02:00,2025-11-28,USD,Shipped,480.69,26.14,12.99,32.03,487.79
CA-00002760,AMZ-000002760,Target,2025-07-18T12:55:00,2025-07-21,USD,Shipped,1329.10,76.93,0.00,35.01,1371.02
CA-00002769,HD-000002769,Target,2025-10-08T15:19:00,2025-10-13,USD,Delivered,162.21,10.08,0.00,0.70,171.59
CA-00002781,HD-000002781,TARGET,2025-09-02T11:58:00,2025-09-05,USD,Delivered,1008.22,66.14,7.99,39.30,1043.05
CA-00002782,TGT-000002782,Target,2026-01-25T18:30:00,2026-01-28,USD,Delivered,432.32,25.49,12.99,15.56,455.24
CA-00002784,AMZ-000002784,Target,2026-03-11T15:04:00,2026-03-16,USD,Shipped,211.72,10.06,0.00,20.16,201.62
CA-00002788,TGT-000002788,Target,2025-12-26T18:19:00,2025-12-28,USD,Shipped,300.32,16.96,7.99,32.67,292.60
CA-00002796,AMZ-000002796,Home Depot,2026-03-03T09:42:00,2026-03-05,USD,Delivered,253.20,12.86,12.99,7.88,271.17
CA-00002810,AMZ-000002810,Target,2025-12-15T09:34:00,2025-12-17,USD,Delivered,104.41,8.93,12.99,0.35,125.98
CA-00002814,HD-000002814,Target,2025-11-01T11:35:00,2025-11-06,USD,Delivered,370.08,24.84,4.99,34.85,365.06
CA-00002828,TGT-000002828,Home Depot,2025-07-10T08:46:00,2025-07-12,USD,Processing,43.43,2.14,0.00,2.26,43.31
CA-00002836,AMZ-000002836,Home Depot,2025-09-06T14:48:00,2025-09-07,USD,Shipped,293.43,16.64,7.99,9.20,308.86
CA-00002843,HD-000002843,Target,2026-03-27T14:06:00,2026-03-30,USD,Delivered,252.12,15.92,0.00,27.97,240.07
CA-00002847,AMZ-000002847,Target,2026-01-21T17:35:00,2026-01-25,USD,Delivered,538.88,35.58,0.00,34.16,540.30
CA-00002854,TGT-000002854,Home Depot,2025-09-16T20:20:00,2025-09-18,USD,Shipped,579.77,50.03,4.99,13.90,620.89
CA-00002861,TGT-000002861,Target,2026-05-22T09:02:00,2026-05-23,USD,Delivered,267.03,19.98,0.00,28.41,258.60
CA-00002865,AMZ-000002865,Home Depot,2025-08-07T17:18:00,2025-08-08,USD,Delivered,1138.07,66.64,0.00,56.69,1148.02
CA-00002873,HD-000002873,Target,2026-04-13T16:51:00,2026-04-17,USD,Shipped,262.74,18.04,0.00,28.69,252.09
CA-00002879,AMZ-000002879,Home Depot,2026-06-04T09:30:00,2026-06-08,USD,Delivered,42.16,2.57,7.99,4.84,47.88
CA-00002888,TGT-000002888,Target,2026-03-16T20:38:00,2026-03-19,USD,Delivered,1527.22,89.85,4.99,66.00,1556.06
CA-00002892,AMZ-000002892,Home Depot,2026-05-05T15:19:00,2026-05-06,USD,Shipped,166.34,10.23,0.00,1.40,175.17
CA-00002900,AMZ-000002900,Target,2026-06-01T18:21:00,2026-06-06,USD,Delivered,156.37,13.06,0.00,9.49,159.94
CA-00002902,TGT-000002902,Target,2026-06-13T15:08:00,2026-06-17,USD,Delivered,203.82,16.23,12.99,14.60,218.44
CA-00002903,TGT-000002903,Target,2025-09-28T15:59:00,2025-09-29,USD,Processing,1277.22,101.24,7.99,90.88,1295.57
CA-00002910,AMZ-000002910,Target,2026-06-23T21:08:00,2026-06-27,USD,Delivered,254.79,20.35,7.99,7.35,275.78
CA-00002914,HD-000002914,Target,2026-04-06T21:02:00,2026-04-08,USD,Processing,591.13,43.58,12.99,22.76,624.94
CA-00002927,TGT-000002927,Target,2026-06-24T16:44:00,2026-06-26,USD,Processing,3019.29,142.93,0.00,112.11,3050.11
CA-00002933,TGT-000002933,Target,2026-01-17T09:11:00,2026-01-21,USD,Delivered,1418.45,85.03,12.99,49.60,1466.87
CA-00002937,HD-000002937,Target,2026-03-04T10:13:00,2026-03-06,USD,Delivered,902.96,56.01,0.00,61.74,897.23
CA-00002941,AMZ-000002941,Target,2025-09-11T12:00:00,2025-09-14,USD,Shipped,146.65,8.64,0.00,12.48,142.81
CA-00002957,AMZ-000002957,Target,2026-04-01T09:32:00,2026-04-04,USD,Shipped,376.56,19.44,7.99,27.42,376.57
CA-00002958,HD-000002958,Target,2026-01-11T22:53:00,2026-01-16,USD,Shipped,494.52,22.08,0.00,57.61,458.99
CA-00002970,HD-000002970,Target,2025-12-11T11:52:00,2025-12-12,USD,Delivered,538.58,24.59,0.00,46.83,516.34
CA-00002978,HD-000002978,Target,2025-07-09T08:52:00,2025-07-14,USD,Cancelled,357.59,22.03,0.00,14.76,364.86
CA-00002979,HD-000002979,Target,2025-12-29T22:15:00,2026-01-03,USD,Delivered,357.50,22.83,12.99,20.86,372.46
CA-00002992,HD-000002992,Home Depot,2026-06-05T19:39:00,2026-06-06,USD,Delivered,59.16,3.39,7.99,0.12,70.42
CA-00003008,AMZ-000003008,Target,2025-09-14T11:57:00,2025-09-18,USD,Delivered,676.54,42.12,0.00,23.06,695.60
CA-00003020,HD-000003020,Home Depot,2025-08-27T10:36:00,2025-08-28,USD,Delivered,165.55,11.18,0.00,1.84,174.89
CA-00003025,HD-000003025,Target,2025-07-13T16:04:00,2025-07-14,USD,Shipped,250.99,15.17,12.99,20.96,258.19
CA-00003026,HD-000003026,Target,2026-06-17T20:37:00,2026-06-20,USD,Delivered,600.03,36.14,0.00,46.94,589.23
CA-00003029,TGT-000003029,Home Depot,2026-05-19T13:15:00,2026-05-22,USD,Delivered,297.84,16.73,4.99,22.03,297.53
CA-00003035,TGT-000003035,Target,2025-08-31T18:41:00,2025-09-05,USD,Delivered,77.96,5.09,7.99,2.36,88.68
CA-00003043,HD-000003043,Target,2025-10-24T16:37:00,2025-10-29,USD,Processing,141.96,7.19,0.00,1.36,147.79
CA-00003053,AMZ-000003053,Home Depot,2025-08-09T09:04:00,2025-08-14,USD,Delivered,310.87,23.91,0.00,36.58,298.20
CA-00003057,TGT-000003057,Target,2025-10-18T20:33:00,2025-10-21,USD,Delivered,470.88,29.53,4.99,50.15,455.25
CA-00003073,TGT-000003073,Home Depot,2025-08-26T22:59:00,2025-08-30,USD,Delivered,2158.04,144.14,7.99,149.31,2160.86
CA-00003077,AMZ-000003077,Target,2025-10-18T14:35:00,2025-10-21,USD,Delivered,60.24,3.36,7.99,0.95,70.64
CA-00003089,TGT-000003089,Home Depot,2025-07-31T08:16:00,2025-08-04,USD,Delivered,608.44,46.08,12.99,52.85,614.66
CA-00003101,HD-000003101,Target,2026-01-18T09:33:00,2026-01-21,USD,Delivered,422.34,24.91,4.99,33.35,418.89
CA-00003121,HD-000003121,Target,2026-02-15T11:43:00,2026-02-18,USD,Processing,227.73,12.53,0.00,6.12,234.14
CA-00003129,HD-000003129,HOME DEPOT,2025-07-05T10:50:00,2025-07-10,USD,Delivered,480.00,30.74,12.99,22.40,501.33
CA-00003135,AMZ-000003135,Home Depot,2025-12-12T14:12:00,2025-12-14,USD,Shipped,733.50,41.97,4.99,68.07,712.39
CA-00003151,HD-000003151,Home Depot,2026-03-07T21:53:00,2026-03-12,USD,Delivered,168.48,9.97,4.99,8.88,174.56
CA-00003158,HD-000003158,Target,2026-03-04T18:23:00,2026-03-06,USD,Delivered,1374.43,65.16,0.00,25.37,1414.22
CA-00003159,TGT-000003159,Target,2025-10-17T12:04:00,2025-10-20,USD,Delivered,1215.61,70.20,0.00,102.29,1183.52
CA-00003165,AMZ-000003165,Target,2026-02-25T21:42:00,2026-03-01,USD,Processing,1340.81,96.47,0.00,86.60,1350.68
CA-00003172,HD-000003172,Target,2026-02-14T18:43:00,2026-02-19,USD,Shipped,1346.84,87.34,7.99,38.82,1403.35
CA-00003187,TGT-000003187,Home Depot,2026-03-05T20:53:00,2026-03-09,USD,Shipped,954.38,58.52,0.00,57.99,954.91
CA-00003189,TGT-000003189,Target,2025-09-19T10:31:00,2025-09-20,USD,Delivered,1881.55,140.66,7.99,194.46,1835.74
CA-00003193,AMZ-000003193,Home Depot,2025-10-22T14:30:00,2025-10-25,USD,Delivered,1850.08,90.74,4.99,63.19,1882.62
CA-00003197,HD-000003197,Target,2025-09-23T20:59:00,2025-09-26,USD,Delivered,331.30,16.17,12.99,5.38,355.08
CA-00003207,TGT-000003207,Target,2025-08-01T19:38:00,2025-08-02,USD,Delivered,659.68,38.68,7.99,61.60,644.75
CA-00003223,TGT-000003223,Target,2025-07-15T17:51:00,2025-07-17,USD,Delivered,393.38,31.92,12.99,4.03,434.26
CA-00003262,HD-000003262,Target,2025-08-07T19:00:00,2025-08-12,USD,Delivered,169.70,7.28,4.99,0.96,181.01
CA-00003266,HD-000003266,Home Depot,2025-09-11T20:50:00,2025-09-12,USD,Shipped,83.05,5.37,0.00,5.98,82.44
CA-00003276,TGT-000003276,Target,2025-11-09T22:51:00,2025-11-12,USD,Delivered,871.09,56.03,4.99,54.10,878.01
CA-00003287,HD-000003287,Home Depot,2025-12-07T21:38:00,2025-12-09,USD,Processing,449.51,21.44,12.99,45.94,438.00
CA-00003293,HD-000003293,Home Depot,2025-09-06T12:52:00,2025-09-11,USD,Delivered,14.86,0.99,0.00,0.49,15.36
CA-00003299,TGT-000003299,Target,2025-09-20T17:14:00,2025-09-24,USD,Cancelled,269.45,18.61,4.99,10.50,282.55
CA-00003300,HD-000003300,Target,2025-09-26T16:12:00,2025-10-01,USD,Delivered,1116.31,71.06,7.99,114.77,1080.59
CA-00003303,AMZ-000003303,Home Depot,2025-08-27T10:15:00,2025-08-31,USD,Delivered,1231.57,71.88,12.99,85.09,1231.35
CA-00003308,AMZ-000003308,Target,2025-12-23T10:13:00,2025-12-28,USD,Delivered,274.92,23.08,7.99,5.39,300.60
CA-00003326,TGT-000003326,Home Depot,2026-02-05T12:50:00,2026-02-09,USD,Cancelled,744.94,40.47,7.99,24.77,768.63
CA-00003331,AMZ-000003331,Target,2026-05-08T16:08:00,2026-05-13,USD,Delivered,357.30,19.58,4.99,2.02,379.85
CA-00003334,HD-000003334,Target,2025-12-20T15:30:00,2025-12-22,USD,Cancelled,274.88,14.25,7.99,20.67,276.45
CA-00003345,TGT-000003345,Home Depot,2026-06-29T11:45:00,2026-06-30,USD,Delivered,470.30,18.60,12.99,15.77,486.12
CA-00003353,AMZ-000003353,Home Depot,2025-09-03T20:46:00,2025-09-06,USD,Delivered,150.24,11.56,4.99,3.33,163.46
CA-00003354,TGT-000003354,Home Depot,2026-03-11T22:36:00,2026-03-16,USD,Delivered,1058.53,55.95,7.99,72.23,1050.24
CA-00003358,HD-000003358,Target,2026-02-10T17:18:00,2026-02-13,USD,Delivered,751.11,47.57,0.00,43.31,755.37
CA-00003359,AMZ-000003359,Target,2025-12-15T18:29:00,2025-12-18,USD,Shipped,209.05,13.66,0.00,21.53,201.18
CA-00003361,HD-000003361,Target,2025-10-10T21:18:00,2025-10-14,USD,Delivered,2100.92,125.00,0.00,110.38,2115.54
CA-00003368,HD-000003368,Target,2025-12-28T11:02:00,2025-12-29,USD,Delivered,730.78,47.28,0.00,49.75,728.31
CA-00003371,HD-000003371,Home Depot,2025-12-13T09:59:00,2025-12-15,USD,Delivered,853.82,48.18,7.99,8.14,901.85
CA-00003384,TGT-000003384,Target,2025-07-13T12:41:00,2025-07-15,USD,Processing,456.82,23.52,0.00,33.75,446.59
CA-00003391,AMZ-000003391,Home Depot,2026-03-14T22:11:00,2026-03-19,USD,Delivered,352.04,21.97,4.99,37.59,341.41
CA-00003394,HD-000003394,Home Depot,2026-05-11T18:56:00,2026-05-15,USD,Cancelled,53.18,2.02,7.99,5.16,58.03
CA-00003396,AMZ-000003396,Target,2025-07-01T16:40:00,2025-07-05,USD,Shipped,2597.31,188.26,12.99,108.34,2690.22
CA-00003413,HD-000003413,Home Depot,2026-03-27T17:01:00,2026-03-28,USD,Shipped,400.85,15.94,12.99,28.01,401.77
CA-00003418,AMZ-000003418,Target,2026-02-12T19:56:00,2026-02-16,USD,Delivered,356.40,25.28,0.00,8.78,372.90
CA-00003425,AMZ-000003425,Home Depot,2025-12-26T20:47:00,2025-12-30,USD,Delivered,460.65,30.45,12.99,43.96,460.13
CA-00003429,TGT-000003429,Target,2025-12-01T11:07:00,2025-12-06,USD,Delivered,72.80,3.08,4.99,3.01,77.86
CA-00003438,TGT-000003438,Home Depot,2025-12-07T20:17:00,2025-12-12,USD,Delivered,805.61,49.83,12.99,60.80,807.63
CA-00003439,AMZ-000003439,Target,2025-07-18T15:33:00,2025-07-23,USD,Shipped,782.69,52.63,0.00,8.99,826.33
CA-00003442,AMZ-000003442,Target,2026-03-29T08:23:00,2026-04-03,USD,Delivered,24.67,1.30,7.99,1.23,32.73
CA-00003449,AMZ-000003449,Home Depot,2026-04-29T08:59:00,2026-04-30,USD,Delivered,683.95,50.25,0.00,10.61,723.59
CA-00003450,HD-000003450,Target,2026-04-16T18:59:00,2026-04-21,USD,Processing,284.19,17.25,0.00,31.31,270.13
CA-00003451,AMZ-000003451,Target,2025-08-24T13:52:00,2025-08-25,USD,Delivered,451.29,29.36,12.99,34.04,459.60
CA-00003452,HD-000003452,Home Depot,2026-05-31T16:36:00,2026-06-04,USD,Shipped,147.05,12.19,4.99,9.00,155.23
CA-00003455,HD-000003455,Home Depot,2026-02-27T19:25:00,2026-03-03,USD,Processing,65.15,4.16,12.99,6.26,76.04
CA-00003483,HD-000003483,Target,2026-02-01T11:07:00,2026-02-03,USD,Delivered,187.50,9.33,0.00,19.44,177.39
CA-00003489,HD-000003489,Target,2025-10-18T19:57:00,2025-10-23,USD,Delivered,127.08,5.34,0.00,4.00,128.42
CA-00003490,HD-000003490,Home Depot,2025-09-24T14:03:00,2025-09-29,USD,Processing,603.31,45.63,12.99,43.50,618.43
CA-00003493,TGT-000003493,Home Depot,2025-08-25T11:13:00,2025-08-29,USD,Delivered,25.97,1.47,0.00,0.33,27.11
CA-00003496,HD-000003496,Target,2025-09-29T08:42:00,2025-10-03,USD,Delivered,28.59,1.25,4.99,2.71,32.12
CA-00003500,HD-000003500,Home Depot,2025-07-02T09:51:00,2025-07-07,USD,Delivered,344.21,28.00,12.99,24.26,360.94
CA-00003510,HD-000003510,Home Depot,2025-09-28T13:29:00,2025-09-29,USD,Delivered,663.47,34.84,0.00,33.33,664.98
CA-00003512,HD-000003512,Target,2025-07-16T15:58:00,2025-07-19,USD,Delivered,297.05,23.52,7.99,26.13,302.43
CA-00003513,HD-000003513,Home Depot,2026-06-24T11:08:00,2026-06-27,USD,Delivered,945.21,73.47,0.00,50.82,967.86
CA-00003516,AMZ-000003516,Home Depot,2025-11-09T22:10:00,2025-11-10,USD,Delivered,118.69,6.72,4.99,7.39,123.01
CA-00003517,AMZ-000003517,Target,2025-09-30T20:31:00,2025-10-02,USD,Delivered,109.55,5.37,0.00,3.91,111.01
CA-00003530,HD-000003530,Home Depot,2026-06-17T12:41:00,2026-06-19,USD,Shipped,1848.90,93.39,4.99,177.20,1770.08
CA-00003538,TGT-000003538,home depot,2025-10-21T20:33:00,2025-10-24,USD,Delivered,649.56,26.41,7.99,36.53,647.43
CA-00003541,TGT-000003541,Home Depot,2026-05-11T12:17:00,2026-05-12,USD,Delivered,829.45,55.29,12.99,20.20,877.53
CA-00003545,AMZ-000003545,Target,2025-10-05T14:18:00,2025-10-07,USD,Delivered,1599.45,112.63,4.99,100.22,1616.85
CA-00003550,TGT-000003550,Target,2026-02-16T09:40:00,2026-02-17,USD,Shipped,465.11,31.02,0.00,44.02,452.11
CA-00003556,AMZ-000003556,Home Depot,2026-02-15T21:34:00,2026-02-18,USD,Processing,133.70,8.22,0.00,15.32,126.60
CA-00003571,AMZ-000003571,Target,2025-10-29T11:45:00,2025-11-02,USD,Delivered,667.75,41.03,4.99,63.30,650.47
CA-00003577,HD-000003577,Target,2026-05-28T22:48:00,2026-05-31,USD,Delivered,211.16,12.57,0.00,3.48,220.25
CA-00003581,AMZ-000003581,Home Depot,2025-07-27T15:07:00,2025-08-01,USD,Delivered,580.81,37.93,0.00,20.65,598.09
CA-00003587,TGT-000003587,Home Depot,2026-06-29T18:40:00,2026-06-30,USD,Delivered,433.68,27.82,7.99,27.05,442.44
CA-00003588,HD-000003588,Home Depot,2025-09-07T21:57:00,2025-09-08,USD,Delivered,291.39,19.30,0.00,18.32,292.37
CA-00003590,TGT-000003590,Target,2025-09-23T18:27:00,2025-09-25,USD,Delivered,1032.84,91.05,4.99,12.83,1116.05
CA-00003592,AMZ-000003592,Home Depot,2025-09-06T17:52:00,2025-09-08,USD,Cancelled,625.03,29.68,7.99,60.09,602.61
CA-00003593,HD-000003593,Target,2025-07-10T20:36:00,2025-07-12,USD,Delivered,167.90,11.90,4.99,15.72,169.07
CA-00003595,HD-000003595,Target,2025-07-09T22:49:00,2025-07-14,USD,Delivered,505.13,33.75,0.00,8.73,530.15
CA-00003612,AMZ-000003612,Target,2026-02-18T18:27:00,2026-02-22,USD,Delivered,1261.95,75.57,7.99,134.47,1211.04
CA-00003614,HD-000003614,Home Depot,2026-01-24T12:56:00,2026-01-28,USD,Delivered,180.38,13.00,4.99,4.63,193.74
CA-00003619,AMZ-000003619,Home Depot,2026-03-16T18:34:00,2026-03-20,USD,Delivered,917.09,44.91,0.00,67.10,894.90
CA-00003621,HD-000003621,Home Depot,2025-12-14T19:27:00,2025-12-19,USD,Delivered,249.12,20.83,7.99,3.95,273.99
CA-00003628,HD-000003628,Home Depot,2026-02-16T08:10:00,2026-02-18,USD,Delivered,186.87,10.11,0.00,10.88,186.10
CA-00003648,AMZ-000003648,Home Depot,2026-05-28T11:49:00,2026-06-02,USD,Delivered,596.64,31.98,4.99,42.12,591.49
CA-00003652,HD-000003652,Home Depot,2026-01-22T15:37:00,2026-01-23,USD,Delivered,569.95,28.29,0.00,17.83,580.41
CA-00003656,HD-000003656,Target,2026-01-20T15:44:00,2026-01-25,USD,Cancelled,316.58,24.84,0.00,0.53,340.89
CA-00003660,TGT-000003660,Amazon,2026-05-08T10:38:00,2026-05-13,USD,Delivered,1203.23,77.88,4.99,38.23,1247.87
CA-00003661,TGT-000003661,Target,2026-05-09T08:56:00,2026-05-11,USD,Shipped,422.97,20.17,4.99,25.43,422.70
CA-00003675,AMZ-000003675,Home Depot,2026-05-22T16:12:00,2026-05-24,USD,Delivered,683.56,35.26,0.00,33.64,685.18
CA-00003687,AMZ-000003687,Target,2026-02-19T16:46:00,2026-02-20,USD,Shipped,2488.20,173.09,7.99,160.29,2508.99
CA-00003689,AMZ-000003689,Home Depot,2026-05-05T18:05:00,2026-05-07,USD,Shipped,605.62,31.33,0.00,28.77,608.18
CA-00003690,TGT-000003690,Target,2025-09-27T13:00:00,2025-10-01,USD,Shipped,821.17,42.71,0.00,30.08,833.80
CA-00003696,TGT-000003696,Target,2025-09-06T09:57:00,2025-09-11,USD,Delivered,841.81,50.12,4.99,73.84,823.08
CA-00003698,TGT-000003698,Home Depot,2025-12-14T19:29:00,2025-12-18,USD,Delivered,229.03,9.98,0.00,3.92,235.09
CA-00003701,TGT-000003701,Home Depot,2026-06-07T16:21:00,2026-06-10,USD,Delivered,817.78,50.31,12.99,54.23,826.85
CA-00003703,AMZ-000003703,Home Depot,2026-04-18T14:54:00,2026-04-21,USD,Delivered,444.78,24.70,12.99,45.05,437.42
CA-00003712,AMZ-000003712,Target,2026-05-14T08:52:00,2026-05-19,USD,Delivered,299.64,19.56,4.99,16.93,307.26
CA-00003717,TGT-000003717,Home Depot,2026-05-17T08:46:00,2026-05-19,USD,Delivered,712.56,34.33,4.99,36.48,715.40
CA-00003721,HD-000003721,Home Depot,2025-08-29T08:01:00,2025-09-02,USD,Delivered,1694.19,98.06,4.99,160.87,1636.37
CA-00003723,HD-000003723,Home Depot,2026-06-16T13:58:00,2026-06-19,USD,Delivered,746.98,52.98,7.99,22.12,785.83
CA-00003749,AMZ-000003749,Home Depot,2026-04-30T17:07:00,2026-05-01,USD,Delivered,18.79,0.78,0.00,1.00,18.57
CA-00003761,HD-000003761,Target,2025-08-19T11:46:00,2025-08-22,USD,Delivered,301.29,18.23,0.00,27.40,292.12
CA-00003775,TGT-000003775,Target,2025-08-17T19:06:00,2025-08-21,USD,Delivered,733.29,36.38,0.00,36.61,733.06
CA-00003779,AMZ-000003779,Home Depot,2026-01-27T20:17:00,2026-02-01,USD,Delivered,579.53,34.71,4.99,40.79,578.44
CA-00003784,TGT-000003784,Home Depot,2026-02-27T14:10:00,2026-03-01,USD,Delivered,357.08,25.45,12.99,13.34,382.18
CA-00003790,HD-000003790,Home Depot,2025-11-05T08:21:00,2025-11-09,USD,Delivered,729.34,30.84,0.00,50.25,709.93
CA-00003793,HD-000003793,Home Depot,2026-04-10T12:24:00,2026-04-11,USD,Delivered,414.25,35.45,0.00,2.99,446.71
CA-00003794,HD-000003794,Target,2025-09-26T18:34:00,2025-09-30,USD,Delivered,271.60,20.38,7.99,21.98,277.99
CA-00003795,HD-000003795,Home Depot,2026-01-09T14:58:00,2026-01-13,USD,Delivered,666.11,39.87,7.99,18.93,695.04
CA-00003804,HD-000003804,Home Depot,2025-07-15T10:14:00,2025-07-20,USD,Cancelled,843.80,47.43,0.00,51.67,839.56
CA-00003810,HD-000003810,Target,2025-08-02T17:58:00,2025-08-07,USD,Delivered,747.62,47.37,12.99,37.26,770.72
CA-00003832,HD-000003832,Target,2025-07-05T16:39:00,2025-07-09,USD,Delivered,407.01,22.19,0.00,31.86,397.34
CA-00003838,AMZ-000003838,Target,2025-08-28T14:20:00,2025-09-02,USD,Delivered,3214.09,225.50,0.00,177.42,3262.17
CA-00003843,AMZ-000003843,HomeDepot,2026-01-23T22:57:00,2026-01-25,USD,Delivered,1518.03,107.02,7.99,107.06,1525.98
CA-00003856,AMZ-000003856,Target,2025-09-11T12:03:00,2025-09-13,USD,Delivered,212.90,7.63,7.99,24.12,204.40
CA-00003858,HD-000003858,Target,2026-05-28T08:27:00,2026-05-31,USD,Delivered,947.90,55.73,0.00,63.52,940.11
CA-00003863,HD-000003863,Home Depot,2026-03-04T16:35:00,2026-03-09,USD,Shipped,52.72,3.76,7.99,2.58,61.89
CA-00003869,AMZ-000003869,Home Depot,2026-02-15T17:59:00,2026-02-18,USD,Delivered,126.50,7.43,0.00,3.53,130.40
CA-00003873,HD-000003873,Target,2026-03-29T11:27:00,2026-04-03,USD,Delivered,732.78,48.57,0.00,1.43,779.92
CA-00003874,TGT-000003874,Target,2025-12-02T10:29:00,2025-12-03,USD,Delivered,977.42,66.80,4.99,95.26,953.95
CA-00003881,AMZ-000003881,Target,2026-05-23T08:43:00,2026-05-24,USD,Delivered,965.69,62.31,12.99,46.52,994.47
CA-00003887,AMZ-000003887,Target,2026-06-20T11:28:00,2026-06-23,USD,Shipped,608.14,25.82,0.00,47.24,586.72
CA-00003895,TGT-000003895,Home Depot,2025-12-11T20:46:00,2025-12-15,USD,Delivered,629.23,44.85,0.00,48.27,625.81
CA-00003907,TGT-000003907,Home Depot,2026-01-31T11:50:00,2026-02-02,USD,Shipped,583.50,23.42,7.99,46.75,568.16
CA-00003908,HD-000003908,Home Depot,2026-03-12T19:47:00,2026-03-14,USD,Shipped,73.54,5.82,0.00,0.05,79.31
CA-00003910,AMZ-000003910,Target,2026-02-16T10:13:00,2026-02-20,USD,Delivered,282.80,17.67,12.99,32.69,280.77
CA-00003912,HD-000003912,Target,2025-10-27T20:15:00,2025-10-31,USD,Delivered,538.80,32.94,7.99,18.82,560.91
CA-00003913,AMZ-000003913,Home Depot,2025-07-10T10:31:00,2025-07-15,USD,Delivered,805.74,47.58,0.00,38.88,814.44
CA-00003929,AMZ-000003929,Target,2025-07-30T16:54:00,2025-08-01,USD,Delivered,630.53,45.35,0.00,40.81,635.07
CA-00003932,AMZ-000003932,Target,2025-08-17T09:57:00,2025-08-18,USD,Delivered,547.33,34.07,7.99,15.73,573.66
CA-00003933,HD-000003933,Target,2025-12-23T11:46:00,2025-12-26,USD,Delivered,430.32,27.75,7.99,38.66,427.40
CA-00003938,AMZ-000003938,Target,2025-12-31T16:34:00,2026-01-01,USD,Delivered,28.15,1.52,7.99,3.02,34.64
CA-00003939,HD-000003939,Target,2026-02-01T18:33:00,2026-02-04,USD,Delivered,1495.14,92.83,0.00,100.48,1487.49
CA-00003959,HD-000003959,Home Depot,2025-12-05T13:24:00,2025-12-09,USD,Shipped,930.74,73.82,0.00,52.55,952.01
CA-00003960,TGT-000003960,Home Depot,2025-08-20T22:12:00,2025-08-21,USD,Cancelled,262.45,13.89,4.99,20.77,260.56
CA-00003968,HD-000003968,Target,2025-07-20T10:24:00,2025-07-24,USD,Processing,406.39,27.85,0.00,26.51,407.73
CA-00003973,HD-000003973,Target,2025-09-14T11:21:00,2025-09-19,USD,Processing,668.86,41.77,7.99,73.91,644.71
CA-00003975,HD-000003975,Target,2025-11-18T12:10:00,2025-11-22,USD,Delivered,1030.57,50.68,12.99,77.16,1017.08
CA-00003976,TGT-000003976,Target,2025-12-11T11:30:00,2025-12-16,USD,Delivered,881.54,50.11,4.99,61.60,875.04
CA-00003980,TGT-000003980,Target,2025-09-09T16:23:00,2025-09-10,USD,Delivered,193.82,12.33,0.00,15.93,190.22
CA-00003981,AMZ-000003981,Target,2026-04-30T20:12:00,2026-05-04,USD,Processing,156.00,8.17,4.99,10.75,158.41
CA-00003982,AMZ-000003982,Home Depot,2026-03-28T22:25:00,2026-03-31,USD,Delivered,744.40,44.41,0.00,57.85,730.96
CA-00003989,TGT-000003989,AMAZON,2026-04-30T20:56:00,2026-05-05,USD,Delivered,206.55,12.22,0.00,20.40,198.37
CA-00003995,TGT-000003995,Home Depot,2026-03-27T11:58:00,2026-03-28,USD,Delivered,101.20,7.24,7.99,3.66,112.77
CA-00003996,TGT-000003996,Target,2025-09-20T19:45:00,2025-09-24,USD,Delivered,945.40,60.37,7.99,3.35,1010.41
CA-00003997,HD-000003997,Target,2025-11-01T10:11:00,2025-11-05,USD,Shipped,240.42,13.49,4.99,13.97,244.93
CA-00004007,TGT-000004007,Home Depot,2025-08-14T16:14:00,2025-08-15,USD,Delivered,792.10,39.13,12.99,72.03,772.19
CA-00004014,HD-000004014,Target,2026-03-27T20:10:00,2026-03-30,USD,Delivered,2493.76,135.35,4.99,155.00,2479.10
CA-00004015,HD-000004015,Home Depot,2026-06-14T10:12:00,2026-06-18,USD,Delivered,178.90,10.95,0.00,2.80,187.05
CA-00004017,TGT-000004017,Target,2026-02-19T14:41:00,2026-02-22,USD,Cancelled,223.22,15.62,12.99,7.38,244.45
CA-00004027,AMZ-000004027,Home Depot,2026-04-25T14:46:00,2026-04-30,USD,Delivered,869.28,42.24,0.00,63.27,848.25
CA-00004028,AMZ-000004028,Home Depot,2025-12-13T22:26:00,2025-12-17,USD,Delivered,282.95,19.59,12.99,20.86,294.67
CA-00004036,HD-000004036,Home Depot,2026-06-22T08:27:00,2026-06-25,USD,Delivered,99.24,5.52,0.00,3.86,100.90
CA-00004037,HD-000004037,Target,2026-05-11T16:35:00,2026-05-12,USD,Delivered,914.83,71.10,0.00,23.72,962.21
CA-00004047,HD-000004047,Target,2026-03-07T19:12:00,2026-03-11,USD,Delivered,1091.70,87.78,0.00,45.71,1133.77
CA-00004051,HD-000004051,Home Depot,2026-02-25T20:53:00,2026-03-01,USD,Delivered,28.06,1.34,0.00,0.12,29.28
CA-00004057,TGT-000004057,Target,2026-01-01T10:40:00,2026-01-03,USD,Delivered,741.04,52.23,4.99,47.86,750.40
CA-00004068,TGT-000004068,Home Depot,2026-03-11T13:54:00,2026-03-16,USD,Delivered,255.59,16.99,0.00,9.22,263.36
CA-00004077,HD-000004077,Home Depot,2026-03-28T20:57:00,2026-03-31,USD,Delivered,473.48,33.52,0.00,20.98,486.02
CA-00004082,AMZ-000004082,Target,2025-08-15T20:16:00,2025-08-18,USD,Delivered,86.68,3.45,7.99,1.15,96.97
CA-00004089,HD-000004089,Home Depot,2026-04-30T18:07:00,2026-05-01,USD,Delivered,58.56,3.14,0.00,2.94,58.76
CA-00004103,AMZ-000004103,Target,2025-07-15T12:05:00,2025-07-19,USD,Processing,532.60,25.21,7.99,36.48,529.32
CA-00004113,AMZ-000004113,Home Depot,2026-05-17T19:15:00,2026-05-18,USD,Delivered,304.46,15.24,0.00,7.26,312.44
CA-00004124,AMZ-000004124,Home Depot,2026-03-19T13:27:00,2026-03-24,USD,Delivered,601.22,40.71,7.99,52.41,597.51
CA-00004125,AMZ-000004125,Home Depot,2026-01-25T09:03:00,2026-01-27,USD,Delivered,756.19,51.36,4.99,63.01,749.53
CA-00004131,TGT-000004131,Home Depot,2025-09-09T12:40:00,2025-09-14,USD,Delivered,432.86,28.30,12.99,45.38,428.77
CA-00004133,AMZ-000004133,Target,2026-03-04T14:42:00,2026-03-09,USD,Processing,495.06,26.73,7.99,11.26,518.52
CA-00004149,TGT-000004149,Home Depot,2026-05-24T19:12:00,2026-05-28,USD,Delivered,652.97,36.14,12.99,20.70,681.40
CA-00004160,TGT-000004160,Target,2026-02-12T09:52:00,2026-02-17,USD,Delivered,943.73,63.45,0.00,55.44,951.74
CA-00004172,TGT-000004172,Target,2025-07-31T22:06:00,2025-08-01,USD,Shipped,337.02,16.92,0.00,20.90,333.04
CA-00004193,TGT-000004193,Target,2026-02-10T17:15:00,2026-02-14,USD,Delivered,388.32,26.99,0.00,15.29,400.02
CA-00004194,AMZ-000004194,Target,2026-04-21T12:56:00,2026-04-22,USD,Processing,854.08,48.86,0.00,80.08,822.86
CA-00004204,TGT-000004204,Home Depot,2026-04-14T13:49:00,2026-04-19,USD,Shipped,353.67,23.06,4.99,30.24,351.48
CA-00004210,HD-000004210,Home Depot,2026-03-12T19:45:00,2026-03-13,USD,Delivered,240.12,10.63,0.00,15.50,235.25
CA-00004223,AMZ-000004223,Home Depot,2026-06-06T09:38:00,2026-06-10,USD,Shipped,542.86,28.47,0.00,53.97,517.36
CA-00004224,HD-000004224,Home Depot,2026-02-11T15:43:00,2026-02-15,USD,Shipped,123.08,6.75,7.99,9.03,128.79
CA-00004230,TGT-000004230,Home Depot,2025-11-24T22:46:00,2025-11-25,USD,Delivered,1001.48,64.01,0.00,86.40,979.09
CA-00004237,AMZ-000004237,Home Depot,2025-08-30T20:48:00,2025-09-04,USD,Delivered,334.60,23.65,0.00,26.29,331.96
CA-00004240,AMZ-000004240,Home Depot,2026-01-09T08:28:00,2026-01-14,USD,Delivered,364.16,25.58,0.00,5.12,384.62
CA-00004245,TGT-000004245,Home Depot,2025-07-07T18:06:00,2025-07-10,USD,Delivered,2006.27,87.72,7.99,89.44,2012.54
CA-00004259,AMZ-000004259,Home Depot,2025-12-15T19:27:00,2025-12-20,USD,Delivered,503.46,19.36,4.99,30.84,496.97
CA-00004263,AMZ-000004263,Target,2026-02-20T18:01:00,2026-02-25,USD,Delivered,992.20,63.48,7.99,50.24,1013.43
CA-00004284,HD-000004284,Target,2026-01-19T14:25:00,2026-01-20,USD,Delivered,1854.40,128.27,0.00,177.40,1805.27
CA-00004285,AMZ-000004285,Target,2025-11-08T16:51:00,2025-11-09,USD,Delivered,135.12,4.90,12.99,14.75,138.26
CA-00004292,AMZ-000004292,Target,2026-01-12T11:12:00,2026-01-16,USD,Delivered,88.72,5.57,4.99,6.98,92.30
CA-00004295,HD-000004295,Home Depot,2025-09-06T21:42:00,2025-09-07,USD,Cancelled,1140.27,77.26,4.99,58.69,1163.83
CA-00004300,AMZ-000004300,Target,2025-10-13T18:39:00,2025-10-18,USD,Delivered,32.08,1.38,4.99,2.19,36.26
CA-00004302,HD-000004302,Target,2025-10-31T14:23:00,2025-11-01,USD,Delivered,166.40,6.56,0.00,7.63,165.33
CA-00004309,HD-000004309,Home Depot,2025-10-18T18:15:00,2025-10-19,USD,Delivered,390.51,15.49,0.00,15.30,390.70
CA-00004314,AMZ-000004314,Home Depot,2025-11-02T13:56:00,2025-11-06,USD,Processing,509.56,19.47,0.00,42.41,486.62
CA-00004332,AMZ-000004332,Target,2025-07-30T08:36:00,2025-08-02,USD,Processing,1539.12,71.72,7.99,84.23,1534.60
CA-00004334,TGT-000004334,Home Depot,2025-10-30T19:31:00,2025-11-01,USD,Delivered,743.54,59.13,0.00,79.27,723.40
CA-00004336,TGT-000004336,Target,2025-12-13T21:50:00,2025-12-14,USD,Delivered,235.61,18.25,0.00,10.28,243.58
CA-00004342,AMZ-000004342,Home Depot,2025-09-29T13:16:00,2025-09-30,USD,Delivered,248.43,16.37,0.00,3.90,260.90
CA-00004348,AMZ-000004348,Home Depot,2025-08-14T20:47:00,2025-08-17,USD,Delivered,880.73,64.17,0.00,3.82,941.08
CA-00004349,AMZ-000004349,Target,2025-08-06T19:25:00,2025-08-09,USD,Delivered,346.92,14.97,0.00,28.10,333.79
CA-00004362,AMZ-000004362,Home Depot,2025-07-12T15:08:00,2025-07-16,USD,Shipped,57.40,3.43,12.99,6.77,67.05
CA-00004368,AMZ-000004368,Target,2026-02-06T17:03:00,2026-02-07,USD,Delivered,248.01,11.41,7.99,25.97,241.44
CA-00004372,TGT-000004372,Target,2026-01-22T13:57:00,2026-01-23,USD,Delivered,662.02,45.86,7.99,47.63,668.24
CA-00004375,AMZ-000004375,Home Depot,2025-07-09T20:07:00,2025-07-13,USD,Delivered,301.81,13.45,12.99,32.20,296.05
CA-00004381,AMZ-000004381,Home Depot,2026-03-03T18:19:00,2026-03-06,USD,Processing,198.88,9.12,0.00,19.60,188.40
CA-00004386,HD-000004386,Target,2026-06-11T20:00:00,2026-06-16,USD,Delivered,367.20,23.31,0.00,36.15,354.36
CA-00004398,HD-000004398,Target,2026-01-11T11:59:00,2026-01-14,USD,Delivered,467.95,37.96,0.00,17.91,488.00
CA-00004399,TGT-000004399,Target,2025-12-11T10:20:00,2025-12-14,USD,Delivered,123.74,7.75,4.99,11.48,125.00
CA-00004400,AMZ-000004400,Target,2026-01-05T16:03:00,2026-01-08,USD,Delivered,507.89,36.75,0.00,16.82,527.82
CA-00004405,HD-000004405,Home Depot,2026-04-23T19:01:00,2026-04-24,USD,Delivered,783.42,53.72,0.00,13.28,823.86
CA-00004409,HD-000004409,Home Depot,2026-02-10T20:41:00,2026-02-12,USD,Delivered,508.88,39.99,7.99,33.58,523.28
CA-00004412,AMZ-000004412,Home Depot,2026-03-19T21:13:00,2026-03-23,USD,Delivered,933.49,64.92,12.99,68.78,942.62
CA-00004414,AMZ-000004414,Target,2025-08-26T12:19:00,2025-08-31,USD,Delivered,418.27,25.67,7.99,25.44,426.49
CA-00004428,HD-000004428,Home Depot,2025-10-12T22:52:00,2025-10-13,USD,Shipped,305.10,15.21,0.00,14.79,305.52
CA-00004429,AMZ-000004429,Home Depot,2026-05-15T11:35:00,2026-05-16,USD,Delivered,108.35,5.36,4.99,7.41,111.29
CA-00004436,TGT-000004436,Target,2026-03-23T19:19:00,2026-03-24,USD,Delivered,171.04,6.93,0.00,0.55,177.42
CA-00004437,AMZ-000004437,Home Depot,2026-02-24T14:36:00,2026-02-26,USD,Delivered,1410.02,72.74,4.99,113.23,1374.52
CA-00004444,AMZ-000004444,Home Depot,2025-09-11T09:56:00,2025-09-14,USD,Processing,43.80,2.64,0.00,1.91,44.53
CA-00004446,TGT-000004446,Target,2026-02-13T15:19:00,2026-02-14,USD,Processing,369.67,24.17,4.99,41.93,356.90
CA-00004448,TGT-000004448,Target,2026-03-16T22:26:00,2026-03-17,USD,Processing,480.83,24.93,0.00,25.89,479.87
CA-00004452,TGT-000004452,Target,2025-10-08T22:48:00,2025-10-10,USD,Delivered,912.08,39.34,7.99,69.31,890.10
CA-00004454,TGT-000004454,Target,2026-02-14T13:38:00,2026-02-16,USD,Processing,224.85,14.02,12.99,7.79,244.07
CA-00004455,AMZ-000004455,Home Depot,2026-02-05T21:55:00,2026-02-09,USD,Shipped,65.99,4.49,0.00,4.59,65.89
CA-00004464,AMZ-000004464,Home Depot,2025-08-22T21:04:00,2025-08-26,USD,Cancelled,310.13,20.65,7.99,22.04,316.73
CA-00004475,TGT-000004475,Home Depot,2025-08-23T20:19:00,2025-08-25,USD,Delivered,383.77,17.47,4.99,0.05,406.18
CA-00004488,TGT-000004488,Home Depot,2025-09-25T21:26:00,2025-09-26,USD,Delivered,206.64,14.51,7.99,19.99,209.15
CA-00004494,TGT-000004494,Home Depot,2026-06-26T22:34:00,2026-06-30,USD,Delivered,127.32,9.25,0.00,11.00,125.57
CA-00004497,AMZ-000004497,Target.com,2025-09-22T11:05:00,2025-09-23,USD,Delivered,134.23,7.79,12.99,6.02,148.99
CA-00004498,HD-000004498,Home Depot,2026-05-23T09:47:00,2026-05-24,USD,Cancelled,53.00,2.60,0.00,5.31,50.29
CA-00004502,TGT-000004502,Target,2025-09-07T13:42:00,2025-09-09,USD,Delivered,169.80,10.25,4.99,2.81,182.23
CA-00004507,TGT-000004507,Target,2026-05-14T22:47:00,2026-05-18,USD,Delivered,289.36,13.97,4.99,33.47,274.85
CA-00004510,AMZ-000004510,Amazon,2026-02-04T08:44:00,2026-02-07,USD,Cancelled,911.38,54.33,4.99,43.33,927.37
CA-00004519,HD-000004519,Home Depot,2025-11-13T12:56:00,2025-11-15,USD,Shipped,821.85,54.86,7.99,66.82,817.88
CA-00004541,HD-000004541,Target,2026-05-13T15:20:00,2026-05-18,USD,Processing,694.54,38.84,0.00,27.73,705.65
CA-00004543,AMZ-000004543,Target,2026-03-17T09:07:00,2026-03-20,USD,Delivered,65.78,4.17,4.99,0.32,74.62
CA-00004548,AMZ-000004548,Target,2026-01-25T17:21:00,2026-01-29,USD,Delivered,264.59,14.04,0.00,26.09,252.54
CA-00004553,AMZ-000004553,Target,2025-11-11T21:39:00,2025-11-16,USD,Delivered,331.44,15.31,12.99,31.79,327.95
CA-00004556,HD-000004556,Target,2025-11-06T22:15:00,2025-11-09,USD,Shipped,609.94,43.45,0.00,36.04,617.35
CA-00004560,TGT-000004560,Home Depot,2025-08-13T09:03:00,2025-08-14,USD,Delivered,674.50,36.98,0.00,28.11,683.37
CA-00004570,AMZ-000004570,Home Depot,2026-06-05T11:51:00,2026-06-06,USD,Delivered,75.50,5.61,12.99,7.77,86.33
CA-00004573,AMZ-000004573,home depot,2026-03-28T21:49:00,2026-03-29,USD,Delivered,556.50,35.19,0.00,39.91,551.78
CA-00004577,TGT-000004577,Home Depot,2026-02-12T09:42:00,2026-02-16,USD,Delivered,672.70,29.30,4.99,69.24,637.75
CA-00004581,TGT-000004581,Home Depot,2025-07-03T10:55:00,2025-07-08,USD,Processing,1808.64,114.65,0.00,79.39,1843.90
CA-00004582,AMZ-000004582,Target,2026-04-08T22:35:00,2026-04-10,USD,Processing,63.82,3.66,0.00,1.15,66.33
CA-00004583,AMZ-000004583,Home Depot,2025-08-15T16:18:00,2025-08-17,USD,Shipped,424.84,30.24,12.99,29.07,439.00
CA-00004604,TGT-000004604,Target,2026-02-12T10:08:00,2026-02-15,USD,Delivered,1092.59,72.79,7.99,52.45,1120.92
CA-00004605,TGT-000004605,Target,2025-07-13T08:27:00,2025-07-15,USD,Delivered,651.86,46.65,0.00,63.82,634.69
CA-00004606,HD-000004606,Home Depot,2026-06-21T22:47:00,2026-06-25,USD,Shipped,696.41,51.97,4.99,59.34,694.03
CA-00004611,AMZ-000004611,Target,2025-08-18T20:24:00,2025-08-22,USD,Delivered,519.96,40.52,0.00,31.86,528.62
CA-00004613,TGT-000004613,Target,2025-10-31T21:17:00,2025-11-03,USD,Delivered,143.54,11.64,12.99,10.26,157.91
CA-00004614,HD-000004614,Home Depot,2025-11-12T14:31:00,2025-11-17,USD,Shipped,539.70,33.16,0.00,22.42,550.44
CA-00004631,HD-000004631,Home Depot,2025-12-04T08:59:00,2025-12-08,USD,Shipped,578.54,33.23,0.00,9.77,602.00
CA-00004633,AMZ-000004633,Home Depot,2025-07-08T12:55:00,2025-07-11,USD,Delivered,1030.03,52.46,12.99,80.72,1014.76
CA-00004637,AMZ-000004637,Target,2026-03-08T22:05:00,2026-03-11,USD,Delivered,2051.94,106.88,7.99,70.14,2096.67
CA-00004641,TGT-000004641,Home Depot,2025-08-30T14:32:00,2025-09-03,USD,Delivered,59.10,3.23,7.99,6.75,63.57
CA-00004645,AMZ-000004645,Home Depot,2025-11-24T13:03:00,2025-11-27,USD,Delivered,152.35,9.61,0.00,15.74,146.22
CA-00004662,AMZ-000004662,Target,2025-12-17T09:10:00,2025-12-19,USD,Delivered,739.61,61.69,0.00,9.04,792.26
CA-00004669,TGT-000004669,Target,2026-01-08T10:22:00,2026-01-09,USD,Delivered,603.66,41.18,12.99,36.57,621.26
CA-00004671,AMZ-000004671,Target,2025-08-19T14:24:00,2025-08-21,USD,Delivered,101.15,4.72,4.99,11.61,99.25
CA-00004697,TGT-000004697,Home Depot,2025-11-18T18:48:00,2025-11-20,USD,Delivered,47.73,2.40,0.00,0.93,49.20
CA-00004701,AMZ-000004701,Target,2025-07-28T14:35:00,2025-07-31,USD,Delivered,64.26,3.00,4.99,1.31,70.94
CA-00004715,HD-000004715,Target,2025-08-16T16:21:00,2025-08-17,USD,Delivered,451.26,31.66,0.00,17.96,464.96
CA-00004722,AMZ-000004722,Target,2026-06-08T11:46:00,2026-06-09,USD,Delivered,315.07,17.55,0.00,35.16,297.46
CA-00004730,HD-000004730,Home Depot,2026-03-17T20:08:00,2026-03-20,USD,Delivered,454.98,35.65,0.00,19.48,471.15
CA-00004733,HD-000004733,Target,2026-03-16T19:56:00,2026-03-19,USD,Delivered,274.92,17.54,4.99,6.51,290.94
CA-00004734,HD-000004734,Home Depot,2026-02-04T10:15:00,2026-02-08,USD,Shipped,1012.08,76.24,12.99,77.72,1023.59
CA-00004735,AMZ-000004735,Target,2025-12-05T22:29:00,2025-12-07,USD,Delivered,1220.64,56.05,0.00,104.62,1172.07
CA-00004757,HD-000004757,Home Depot,2025-09-03T21:38:00,2025-09-08,USD,Shipped,437.04,20.43,12.99,24.99,445.47
CA-00004761,TGT-000004761,Target,2026-04-21T12:41:00,2026-04-25,USD,Shipped,216.00,13.45,12.99,21.98,220.46
CA-00004771,AMZ-000004771,Home Depot,2025-07-14T09:32:00,2025-07-16,USD,Processing,743.25,44.81,4.99,53.26,739.79
CA-00004812,AMZ-000004812,Home Depot,2026-03-15T13:03:00,2026-03-17,USD,Shipped,1255.16,93.99,7.99,72.65,1284.49
CA-00004823,TGT-000004823,Target,2025-09-28T12:54:00,2025-09-29,USD,Delivered,386.98,26.79,7.99,22.23,399.53
CA-00004827,AMZ-000004827,Target,2025-07-16T18:50:00,2025-07-17,USD,Delivered,1184.08,93.17,12.99,55.75,1234.49
CA-00004828,HD-000004828,Target,2025-10-03T20:50:00,2025-10-08,USD,Shipped,311.55,24.21,0.00,12.17,323.59
CA-00004829,AMZ-000004829,Target,2026-02-03T21:17:00,2026-02-08,USD,Delivered,726.96,54.32,12.99,14.03,780.24
CA-00004830,AMZ-000004830,Home Depot,2026-04-14T22:13:00,2026-04-15,USD,Shipped,769.70,41.26,4.99,11.34,804.61
CA-00004834,HD-000004834,Home Depot,2025-12-01T20:00:00,2025-12-03,USD,Delivered,19.86,1.46,4.99,0.83,25.48
CA-00004850,TGT-000004850,home depot,2025-12-22T13:59:00,2025-12-24,USD,Shipped,208.50,14.21,0.00,12.35,210.36
CA-00004856,HD-000004856,Home Depot,2026-04-06T16:27:00,2026-04-08,USD,Delivered,810.06,49.91,4.99,61.97,802.99
CA-00004862,AMZ-000004862,Home Depot,2025-07-29T09:38:00,2025-08-01,USD,Shipped,167.79,8.91,4.99,2.81,178.88
CA-00004868,AMZ-000004868,Target,2025-10-11T20:12:00,2025-10-15,USD,Delivered,125.58,9.12,0.00,3.07,131.63
CA-00004872,HD-000004872,Home Depot,2026-03-28T15:57:00,2026-03-29,USD,Delivered,1733.38,103.11,7.99,40.38,1804.10
CA-00004887,HD-000004887,Home Depot,2026-04-13T10:20:00,2026-04-17,USD,Processing,170.06,14.59,0.00,3.84,180.81
CA-00004891,HD-000004891,Home Depot,2026-02-19T12:44:00,2026-02-22,USD,Delivered,107.66,7.16,0.00,4.68,110.14
CA-00004894,TGT-000004894,Target,2026-03-12T11:39:00,2026-03-15,USD,Shipped,1224.53,80.70,0.00,68.98,1236.25
CA-00004901,HD-000004901,Home Depot,2025-08-21T19:59:00,2025-08-23,USD,Delivered,157.65,8.41,12.99,15.81,163.24
CA-00004919,TGT-000004919,Home Depot,2026-06-17T15:51:00,2026-06-22,USD,Delivered,140.39,6.36,12.99,8.68,151.06
CA-00004929,TGT-000004929,Home Depot,2026-05-17T14:26:00,2026-05-21,USD,Delivered,1057.80,64.90,12.99,89.43,1046.26
CA-00004933,TGT-000004933,Home Depot,2025-12-26T11:49:00,2025-12-30,USD,Delivered,31.28,2.09,12.99,0.40,45.96
CA-00004944,TGT-000004944,Home Depot,2026-05-06T17:04:00,2026-05-08,USD,Processing,66.23,5.73,4.99,1.53,75.42
CA-00004949,HD-000004949,Target,2026-05-12T20:54:00,2026-05-15,USD,Delivered,86.64,6.04,7.99,1.93,98.74
CA-00004951,AMZ-000004951,Target,2026-04-04T19:37:00,2026-04-08,USD,Processing,243.52,10.12,0.00,24.08,229.56
CA-00004957,AMZ-000004957,Home Depot,2025-09-19T18:13:00,2025-09-20,USD,Delivered,67.16,2.77,0.00,7.96,61.97
CA-00004973,TGT-000004973,Target,2026-05-22T15:33:00,2026-05-23,USD,Delivered,275.11,16.51,12.99,19.99,284.62
CA-00004986,AMZ-000004986,Home Depot,2026-03-20T10:11:00,2026-03-23,USD,Shipped,869.10,68.69,12.99,68.65,882.13
CA-00004987,AMZ-000004987,HOME DEPOT,2025-07-22T14:19:00,2025-07-26,USD,Shipped,430.34,27.02,4.99,23.36,438.99
CA-00004991,TGT-000004991,Home Depot,2026-04-06T09:51:00,2026-04-11,USD,Delivered,662.77,30.59,7.99,20.67,680.68
